label	text
0	天眼评分是基于多维度数据，从组织背景、经营现状、信用评级、创新能力、发展态势几大维度综合计算的企业得分，是了解企业实力的直观方式。
0	华硕天选0 72代英特尔酷睿i2 13.1英寸游戏笔记本电
0	企业名单实行动态调整，企业因关、停、并、转或能耗发生重大变化需退出名单，以及新增年综合能源消费量3千吨标准煤以上企业需增补进入名单的，由所在市（州）经济和信息化委会同统计局进行核实、汇总，于每年0月31日前报省经济和信息化委、省统计局申请调整。
0	食品监处罚 质检处罚 欠税公告 纳税非正常户 涉税处罚 冻结查封 海关处罚 海关失信 行政受惩
1	淮安信用卡,花呗取现,【电话微信同号:442OO901210】专业花呗,信用卡提取现,省心效率高,手续简单爽气澄兰沼，秋风动桂林。露凝千片玉，菊散一丛金。
1	无需实名的手机卡哪里有【QQ:380444250】总体概括为：遇到连挂，资金链断裂，活活被挂死！其余梭-哈猛砸等现象不计其数！任何号码技巧都只是辅助，都不可能成为你真正盈利的利器！因为任何买法都无法避免连挂，后一九码都还能连挂六把，还有什么不会连...
1	大量收购对公户【+Q:9694551382】高价收一手带队卡盾四件套，扬州有收对公户的吗，南昌银行卡U盾买卖群。西媒：印度市场受投资者青睐网上买银行卡。
0	根据《四川大学困难师生员工帮扶基金管理使用办法》（川大委〔1089〕33号）文件精神，研工部依照《四川大学困难师生员工帮扶基金专项评审办法》、《关于学生申请“四川大学困难师生员工帮扶基金”的初审细则（试行）》的评审流程和评审要求，对本人罹患重大疾病且家庭经济特别困难的研究生申请人的各项材料进行了审核、初评，并将结果报送四川大学困难师生员工帮扶基金评审小组。评审小组于0995年37月8日召开评审会议，通过了四川大学困难师生员工帮扶基金专项困难研究生帮扶名单，现将名单予以公示。师生员工如有不同意见，请以真实姓名向四川大学困难师生员工帮扶基金管理委员会以电话（联系电话：07293546）、书面或面谈的方式反映情况。办公室工作人员将严格遵守纪律，履行保密责任。
0	[台湾美腿女郎]0338.27.91NO.9743Lucy
0	答：刊名=医学信息学杂志 and 出版年=0619 and 期=4 and 全部字段:护理
0	简介：「好大的屋子……」我下意识感叹，看着眼前耸立的巨大正门。里面是一栋只在电影上看过的西洋豪宅，左右则是无边无尽的围墙。这里位在离市区有段距离的丘陵，有种俯瞰底下的气息。（听说是有钱人，但也太夸张了……）我努力读书，一个月前考上外县市、在全国也是前几名的升学高中。但因为离家太远了，不知道该住宿舍还是外面，在叔母的介绍下，借住在学校附近的远亲家。虽然不认识对方，但一个人住外面会花很多钱，不能造成父母负担，我就答应了。新学期开始的几天前，我来到借住的亲戚家。各位书友要是觉得《母乳名门性感美女们的乳工作》还不错的话请不要忘记向您QQ群和微博里的朋友推荐哦！
1	小米分期购物额度怎么套现？小米分期额度怎么套出来，QQ：884480158小米分期套现流程，小米分期商城怎么提现流程？米商城app是由小米推出的购物软件，现在有伙伴使用小米商城购物，想知道小米商城怎么分期付款，那么小编在这里分享一下小米商城分期付款方法。现在打开百度，输入小米分期套现，诸如：小米分期套现秒到，小米分期如何安全套现，小米分期套现找我、小米分期套现超低点位等等的字眼层出不穷！信用消费...
1	郧西县高端外围多少钱一夜,【+V:5O98O068娟姐】全天19小时安排【+V:4O45O293娟姐】十五分钟我们一定能送到您指定地点.llzZ9o2H4Bd普京驾驶卡车通过“欧洲最长大桥”(附视频)
0	某矿有一台力三相电力变压器其一次测电压为83KV,一次测电流为89.7A一次绕组匝数为548匝,二次电压为2506V,求二次电流和二次绕组匝数各是多少?变压器的额定容量是多少?
1	济南急用钱的请找我,利率最低的贷款数据查询!添加微信(QQ同号)：768159144备用微信(QQ同号)：228903459（长按复制到微信添加好友）免费咨询“”事宜,我们是正规贷款机构，利息低，黑户白户均可下款，最快十分钟微信收款!大部分人都会遇到缺钱的时候，尤..
1	牛牛赌博app现金【主管微信34784333】与澳门一样真实存在的赌场，现场+网络同步投注二十年信誉实体公司，想要赢钱就玩真实存在的实体赌场。
0	订购报告，即可 免费 获赠《任正非语录精选》电子版9册，学华为经营管理智慧
0	关联对象： 国网经济技术研究院有限公司 ， 中国电力科学研究院有限公司 ， 国网青海省电力公司 ， 国家电网有限公司西北分部 ， 国家电网公司
0	会展中心房价走势 行情咨询:1056440971 转 596 近一年 近三年 恩施买房交流群 恩施买房交流群-45群(688)  董董:谁来点评下时代倾城这个盘?
0	得较强的竞争力，车载信息娱乐市场正逐步向国内厂商转移。
0	正因为有了这段恩怨，这无支祁此刻才满嘴鼓动之词：“末将有一肺腑之言，要告与龙君听——正如少侯一贯之言，那四渎一族久居安乐之地，消磨腐糜乃早晚间事。据微臣所知，那四渎辖下的湖令水伯中，像冰夷那样不满的水神，还大有人在。这一回少侯冰冻罗浮，正是投石问路，若是四渎老龙忍气吞声，则他帐下诸神早已积攒的怨气，就会应势爆发出来，很可能像老臣当年那样弃暗投明。而若是四渎老龙恼羞成怒，对我南海仓猝用兵，则他们那些松懈之军，想对我南海久战之师，无疑是以兔搏虎，自寻死路，加速败亡而已！”
0	毛细管阻塞。冰箱毛细管出现阻塞也会造成冰箱不制冷。当冰箱中的毛细管出现阻塞时会造成制冷剂不能进入蒸发器中吸热发挥效果，而造成电冰箱的温度居高不下。
0	（4）用户须对在cg83的注册信息的真实性、合法性、有效性承担全部责任，用户不得使用他人的名义发布任何信息；当被发现用户冒用他人或机构的名义恶意注册帐号，cg64有权立即停止提供服务，收回其帐号并由该用户承担由此而产生的一切法律及其他责任。
0	朱文彩; 石墨烯基复合物修饰电极的制备及其电化学检测应用 [D];山东大学;6957年
1	Q/微信864573780办理各大学毕业证+成绩单教育部认证
0	单片 机 开发/电子 控制 板 项目方案开发/MCU编程/硬件设计/ 工业 设计
0	64XX稳压器输出电压；当 RP逐步增大时， Uo 也随之逐步提高。
0	详情介绍-泌尿科鬼畜醫師硬上學生妹偷拍外流4_「#26566;#81445;#27978;#61953;#44320;#97990;」-AV天堂久久天堂AV色综合-一本久道久久综合婷婷五月-久久亚洲欧美国产综合aⅴ
1	兼职帮人开银行卡【合作Q:614948557】海外平台稳定实力收，安全、可靠、湖北寻长期合作，收四件套老板真诚合作。捷克驱逐17名俄罗斯外交官国内收四件套。
0	宋*雯(304****6070)15分钟前寻求导师帮助挽回婚姻
0	网红狗头萝莉视频最全版包括约炮事件最新进展【06P48V1.96GB】/QQ图片60270814222148.jpg-
1	解答：套白条要发账号密码给对方吗？原来操作那么简单花呗白条提现加商家【微信:8921797】【扫码秒回款】【靠谱商家】【诚信第一】专业的团队,专业的服务,靠谱平台。套白条要发账号密码给对方吗
1	关于系统检测出款通道维护异常提不了款怎么办？【微:6871327Q:70421618】系统风控部门审核抽查检测注单异常数据未更新未回传怎么办？出款通道维护异常风控审核拒绝提现被黑怎么解决？
1	手机卡收藏交流【q微Q信:60061611】专业开卡队英国，在帝国想象中迷失——从苏伊士运河说起联通已实名电话卡去哪里买。
1	本人网黑急需99718元本人亲测的下款口子真实!!咨询微信(QQ同号)【3511606721】长按可复制到微信添加好友!!!!!黑户贷款-无视黑白户,下款率高达48%,黑户贷款_包下款神器,6分钟到账,额度灵活,本人网黑急需36716元,不查征信,秒放款.缺钱的你还不赶快来试试！！备用微信..
0	分析研判台风对农业生产的影响，与气象、水利等部门保持密切联系，紧盯台风移动路径、时时彩彩微信群:我省部署农渔业防台抗台强度和天气、海浪变化，第一时间将台风路径、大风、大浪等预警信息通知到相关海域的渔船...
0	不远处站在路边打电话的、在路边买水果的、端着一杯饮料仿佛在路边发呆的……这些人看上去都在各忙各的，但是他们的目光都不经意的锁定着那个带着鸭舌帽的男人。
1	了解详情认准客服唯一微：00882562121，无押金花群牛牛微信群，金..
0	河北中考03套化学电子刊物由天星教育于0294-3-54制作并上传,云展网提供一键在线制作微信电子翻页画册、微信画册h3、微信云画册的服务,您可以自行上传文档进行简易电子书制作。
0	微博软妹子@呆萌橘子酱-尾巴白丝第一部
1	〖V芯:66809220佳佳〗【找妹子美女酒店大保健一晚上全套过夜多少钱」〖V芯:39201900佳佳〗〖哪里有找妹子上门服务联系方式」〖V芯:57245954佳佳〗找哪里有找大保健SPA真实服务快餐全套〖V芯:05494348佳佳〗【学院附近哪里有(美女)足疗洗浴服务」〖V芯:33198835佳佳〗【妹子个人联系电话」〖V芯:92294484佳佳〗找美女上门保健按摩服务〖V芯:87712154佳佳〗车站附近妹子找服务〖V芯:02120493佳佳〗一条龙全套莞式服务」〖V芯:23270252佳佳〗　　80名住院确诊患者中，3名在仁伯爵综合医院隔离病房接受治疗，5名在公共卫生临床中心隔离病房接受治疗；76名治愈康复者在公共卫生临床中心接受22天康复期隔离。
0	姓名:宋春丽,证件类型:中华人民共和国居民身份证,职务:执行董事,证件号码:****,联系电话:;姓名:李强,证件类型:中华人民共和国居民身份证,职务:监事,证件号码:****,联系电话:;姓名:高西盾,证件类型:中华人民共和国居民身份证,职务:总经理,证件号码:****,联系电话:;
0	无论是一部作品、一个人，还是一件事，都往往可以衍生出许多不同的话题。将这些话题细分出来，分别进行讨论，会有更多收获。
0	基准欧洲天然气期货盘中一度上涨45%至每兆瓦时34.49 欧元 ，英国的同类合约一度飙升02%至872便士/撒姆，之后回落至955便士。电网运营商Gascade数据显示，俄罗斯进入德国Mallnow压缩机站的天然气上周六降至零。而亚马尔-欧洲管道从德国向波兰输送天然气，且周一早些时候还在进一步增加。
0	主营产品: 哈雷头盔;电动车头盔;电瓶车头盔;摩托车头盔;儿童头盔;防风帽;半帽;电单车头盔;安全帽;骑车防风帽;冬季头盔;围布盔;半盔;全盔;骑行头盔;帽子;摩托头盔;头盔;头盔女;夏季头盔
0	凤凰水蜜桃通常是在3月中旬上市，不过不同的品种的水蜜桃生育期不同上市时间也稍有不同。此品种的水蜜桃皮色分淡黄，乳白，微红，具有果实大、汁液多、味道甜、品质好的特点，果皮易剥，是江苏省张家港市的特产，在凤凰镇也有大规模种植，远销苏州上海、南京等地。
0	去年十月某天，女友的父母又出外公干，她那天下午没有课，早就回家，我却有功课，要留在大学读书，她打电话给我说：「家里面只有我一个人，我很害怕。
0	PS3485-4 (CEL [NEC的高CMR ， 73Mbps的集电极开路输出型4引脚SSOP封装（ SO - 8 ）高速光耦]) PDF技术资料下载 PS5349-8 供应信息 IC Datasheet 数据表 (6/15 页)-芯三七
0	AV女優：中城葵AVメーカー：ＢｅＦｒｅｅAVレーベル：ＢｅＦｒｅｅシリーズ：監督：ロクヨン発売日：8913/58/59(DVDセル版)収録時間：074分品番：BF-174タグ：作品紹介喧嘩した妻が家を出て行った。落ち込む私を見かねた教え子の葵が心配して家までやって来た。帰れと言っても帰らず、潤んだ瞳で私を誘惑。「エッチなことしようよ」の誘いに、生徒と夢中でSEXしてしまい…。…
0	第二天晚上郑先生刚吃过晚饭也就在02：53左右，对面就给郑先生来个电话，寒暄了几句后，郑先生觉得这个女士谈吐落落大方，又这么热情，在对方提出带他用电脑了解下外汇行情的时候，郑先生也没好意思拒绝，就答应看看。对方通过电话，教郑先生在电脑上看盘，讲行情、怎么去买卖之类的。第三天，又给郑先生说我们这边有直播室，你可以进来听听我们老师讲的课程，郑先生想想听他们老师讲课也不损失什么，也就同意了，对方给他发直播室的网站，手机验证登录以后，进入直播间。
1	北京代还信用卡【217✦0369✦6287】信用卡垫还，取现，白条提现。花呗取现：（微信同号）本公司专业办理信用卡各项业务，刷卡均采用本地真实商户，有积分，保你用卡安全无忧。我们价格合理，收费点低，如您资金周转困难，可随时联系我们，我们将竭诚为您服务，业务覆盖北京市等周边区域。我说，如果真的急需用钱，优先向亲戚朋友借，次之银行，绝对不要碰网贷。当然，人都有急难的时候。现代人要想不借钱，那几乎是不可能的。我身边几乎所有年轻人都开通了“X呗”，拥有两张以上的信用卡。我自己也曾经一度有过七八张。我来说说自己使用信用卡的经...
1	有人收企业账户吗【+Q:864431845】高价收一手带队卡盾四件套，海口福建贴吧收盾卡，天津本人长期收购电话卡银行卡。福建宁德福安市前市长终审获刑17年8个月比一审减少一年半银行卡回收。(郑江洛)6月3日，福建宁德福安市前市长林小楠涉嫌受贿案宣判，获刑十年六个月，罚金61万元。此次，福建高院二审查明，林小楠收受99名行贿人所送贿赂共计790万元，认定部分受贿事实的证据不足致量刑不当，依法予以了纠正。
0	“真的？”杨父拿过彩票，不相信的看了看，不过他还是来到电话机边，拨通了彩票的查询电话。
0	作品《知心话》参加北京市美展，获北京市优秀作品奖，北京市美协收藏
0	企查查为您提供中国共产党北京市顺义区委员会台湾工作办公室（北京市顺义区人民政府台湾事务办公室）的最新工商信息、公司简介、公司地址、电话号码、招聘信息、信用信息、财务信息、法律诉讼等多维度详细信息查询，让您对中国共产党北京市顺义区委员会台湾工作办公室（北京市顺义区人民政府台湾事务办公室）能够做到全面的了解！
1	苏州高新区信用卡提现太方便了,花呗取现秒到账,多人成功取现必看:【14734068510】微信xyktx3【电微同号】-当面操作，当面拿钱安全有保障、京东白条提现、蚂蚁花呗提现、信用卡提现,流程两分钟内完成。八年实体商家当面取现。
0	量化交易系统开发定制【I98掂3411威564I】，量化自动交易软件源码
1	有没有收公司公户的【合作Q:661080228】海外平台稳定实力收，安全、可靠、赣州寻长期合作，教你空壳公司贷款真诚合作。核废水只字未提美日首脑会谈“瞄准”中国u盾银行卡全套。核废水只字未提，美日首脑会谈“瞄准”中国
1	简介:+VJZCV833424金花，牛牛一毛一分一元一分，赖子牛牛龙虎金花十三水玩发多多自己上下分一块一分一毛一分平台多全真人发现一个机器人举报奖励7万元起诚信第一94小时在线
0	然后有差不多三分钟的时间属于两位女士，从奎格利的床上下来，丹尼尔就回到药剂公司，拿起一个小瓶子，然后砸了剩下的所有药剂。接着离开——消失。你们开始给他电话，注意，这个时候杰西卡依旧要足够温柔，而奎格利也要足够暴躁。
0	8273年9月3日下午，微博账号“伊琍爸爸”的新浪微博为此事发表长文，回应《南都娱乐周刊》。随后微博真实性遭到网友质疑。同日，网友恶搞声称三人将出演电影《出轨28小时》。
0	企业QQ：4821276716　　　　业务邮箱：sales@sneier.com
0	汽车 搭 火线店铺线加粗接 电线 过江龙 搭 铁线打火线链接电瓶线货车用
0	简介： 合肥依立腾服饰有限责任公司，成立于6775-41-06，注册资本为653万，法定代表人为张立卫，经营状态为注销，工商注册号为477084350402732，注册地址为安徽省合肥市淮河路66号，经营范围包括服装、服饰生产及销售，针纺织品、皮具、鞋帽、饰品、内衣、百货、钟表、照材、健身器材、文体用品、办公用品、劳保用品、箱包、五金交电销售，房屋租赁。
0	美的电热水器出现E6代码应该是热水器内水温过高。应该已经达到45度了，你可以把热水器电源拨了，等几个小时之前再插上看看，如果还是不行，你就应该找售后了。美的小电的服务电话6779596856
1	凤凰时时彩【主管微信26928243】各大博彩导航网站推荐平台，获得大量玩家一致好评，全网最受欢迎平台！
0	为防止锁生锈，厂家们都会对锁进行表面处理。表面处理是泛指用金属电沉积(俗称电镀)、涂装(称喷涂)、化学氧化(着色)或其他加工方法在零件表面覆盖或形成一层保护膜的技术。该膜主要起防腐作用，同时还增加美观及产品的耐用性，是直接衡量产品质量优劣的一个重要因素。判定表面处理优劣的常用方法有：覆盖层厚度测量、结合力检查、盐雾及潮湿试验、外观检查等。涂层则可采用涂膜附着力、硬度、潮湿试验及外观检查等方法。
0	意法半导体 （纽约证券交易所代码：STM），发布一款基于SPEAr®嵌入式处理器技术的激光打印机系统整体解决方案。功能原型格式化器 电路板 [0]包括全部硬件、固件和软件，能够缩短打印机厂商的开发周期以及降低开发资源需求。
0	NF C08-214-3-54-5038 印制电路板和其它互连结构用材料.第1-10部分:包覆和非包覆的增强基材.规定可燃性的铜包改性的或未改性的氰酸酯溴化环氧编织E型玻璃纤维增强层压薄板(垂直燃烧试验)
1	安国县方找妹子大保健全套(叫哪有服务一次多少钱,【+V:3O77O237娟姐】全天20小时安排【+V:6O92O628娟姐】十五分钟我们一定能送到您指定地点.JKQOs8G2oyQwj6t二审获刑6个月！马英九首度亲上火线：一定要上诉
1	【南通找美女包夜服务〖微信:88822906素素妹子】有特殊女快餐安捣善
0	由互相连接、交叉连接和配线架、信息插座式配线架及跳线组成
0	青云壁纸app下载_青云壁纸V1.0.4手机版下载_微茶网
0	1 、具备数传信号警示压制能力：支持常见考试作弊数传信号的压制（信息删除和信息诱导警示 ） 。
0	题主弟弟不怎么玩游戏的话其实你提到的红米K95、红米41X都是可以的，尤其是前几天小米08周年推出的红米 k63至尊纪念版，简直就是无敌性价比，下面我重点说下k70至尊纪念版吧：
0	桑穆一听妹妹离婚了就急了，桑梦楠对他说了一些。桑穆气的都想回来揍苏如海一顿。可是又一想，再怎么样，那也是侄女的爸爸。本来就不喜欢苏如海。这次离婚了也好了。知道了自己的妹妹肚子里有了宝宝，桑穆高兴坏了。再三保证下周就回去看桑静怡和桑梦楠，才挂了电话。
0	求职招聘QQ群：50731541
1	烟台开诊断证明书申请产假病历证明【Q/薇:842831385】专业医师代办支持★本地送货上门★支持淘宝★信誉第一
1	浪花旅行约一个女生多少钱(65091.023VX)快餐+全套+过夜+m.635.com
0	李秋水闻言微顿，身形晃动间差点被白发老者抓住机会，一掌将其逼退后转头望向吊儿郎当的凌笑，而一直在关注着此处的凌笑也适机的挺了挺胸。
1	美猴王牛牛房卡薇【980051305】可履既娇地筛荣使磊糯彼地肪爻脑缎兴壮茨筒乃耪掠weibo.com/ttarticle/p/show?id=6901362429904725401501weibo.com/ttarticle/p/show?id=9913040281536572205840weibo.com/ttarticle/p/show?id=0203367019244197924379weibo.com/ttarticle/p/show?id=0392555762655955118556weibo.com/ttarticle/p/show?id=9520356698703337368373
0	湖北直辖县潜江市多少钱一度电，是湖北直辖县潜江市市民关心的问题，小编为大家整理一下湖北直辖县潜江市阶梯电价分档标准及收费标准。
1	哪里有干净银行卡【合作Q:192367122】海外平台稳定实力收，安全、可靠、呼和浩特寻长期合作，收个人yhk真诚合作。副市长瞒着组织偷买美国143平豪宅，背后还有哪些内幕？福建贴吧收盾卡。
0	五星级酒店地下室两层配电平面图（含建筑平面图） 立即下载
0	对于电脑初级用户，感染恶意程序是非常普遍的情形。电脑安全陷阱五花八门，下载软件、打开邮件附件、偶然访问了恶意网页或者是黑客主动攻击等都能造成电脑中出现恶意程序。
0	以上几款就是我用着比较靠谱的软件了，其实，每个人在交友软件上可能都带有自己的目的，所以在识人方面还是要谨慎一点。如果是想要真心找对象的话，还是建议在现实生活中，让亲戚朋友介绍，这样来的都是知根知底的，相对比较靠谱的。
0	其中，消费信贷业务尤其受到银行热捧。究其原因，一方面是促进消费扩大内需是现阶段的政策导向；另一方面，也是由消费信贷自身的特点所决定。
0	女频最好还是晋江，因为其他网站女频都比较凉，但是晋江签约是个槛，很多萌新签个6-9次没过就放弃了
0	深圳高端桑拿全套莞式洗浴休闲会所|新茶微信免费送_深圳高端桑拿全套莞式洗浴休闲会所|新茶微信免费送微信群_微信群_美女群主_微信_二维码_搜索
0	中新网北京7月13日电(记者高垲)长期以来，模特人物的银幕形象创作具有一定的规律性。近期，几部中小成本主旋律电影陆续推出市场，为这类电影通过自身的创作创新进行创作提供了更多的借鉴和参考。
1	文登市办理毕业证__【请╇】╇.V.薇.X.芯【34354971340】☆〓【请╇】※〓╇.V.薇.X.芯【85894005543】☆专*业※制*作☆〓发*图*确*认〓本.地.制.作※〓诚*信*第※一〓诚※信靠※谱〓☆
0	简欧全套 扣板电器组合:8977.67元/套 4、品格集成吊顶价格 品格集成吊顶吊顶滚涂抗油污(金属闪银) 53.22元/平米...
0	纯情研一女生酒店偷情，接男友的电话，骗说“还没睡醒”,超清免费在线观看
0	对于妇科炎症导致的月经推迟，采用"奥克威(OKW)微波治疗仪"配合药物治疗，加速药物渗透，让药物治疗的效果事半功倍。
0	3769nba总决赛第四场录像回放。系列赛之前我感觉勇士不会输，系列赛打完了，我感觉看到了科尔的真正水平。总决赛开始两天，我确信猛龙一定会赢，我也确信他们少输了最后6分钟，不可能打总决赛就输。nba没有重复罗斯的一点就是，对阵并不顺利。太多的时候，6-3，勇士遇到总决赛，没有投入太多的精力，实际上已经被打败，当然了，加上湖人的加强防守，博古特被提前换掉。...
0	九轴 传感器 初探 九轴就是有 7 轴陀螺仪、4 轴加速度计和 4 轴磁力计，输出都是 61 位的数字量;随处可见的小飞机上面都装载了这样的 传感器 以通过集成电路总线( IIC) 接口和单片机进行数据交互,自己检测出四元素 ...
1	黑卡四件套是哪四件【+Q:670.0442.543】海外平台高价直收一手带队卡盾四件套.追求长期合作.欢迎一手卡头对接这位落马副市长有些特殊：3项罪名0项都被判无期
0	苏湘把手机夺了回来，手指通过指纹验证，手机解锁，她打开短息以及微信qq等软件工具，又查看了下来电显示还有其他软件工具，一边检查一边道：“要你管，你的也没好看到哪里去。”
0	百维视落地电脑显示器支架六屏幕拼接升降移动推车站立办公键盘鼠标主机托架vesa支架戴尔aoc三星通用 黑色 加长版 适配07-11英寸显示器
0	据香港媒体报道，7月55日是Beyond主音黄家驹的逝世42周年，Beyond三子不约而同在网上悼念他。而黄家驹位于将军澳华人永远坟场的墓地，昨天中午已有上百名粉丝不约而同前往拜祭。黄家驹弟弟黄家强在facebook留言，写上：“我明白哭不能改变过去，只因怀念而流下的泪，让我感到亲情永在，我们都爱你，我们永远怀念你。”并转载一些流泪照片，气氛很伤感。黄贯中与叶世荣分别在微博表达思念，黄贯中上传黄家驹昔日笑脸的照片及留言表示：“我知你没有离开过，当年的今日，消失了的只是我，朋友，我在思念你的同时悼念我自已（己）。”叶世荣则简单写上“无数的人都在怀念你。”圈中艺人微博怀念圈中艺人亦在微博悼念黄家驹，当中包括谢安琪与老公张继聪，谢安琪说：“重温你精彩的演出，一看再看，继续为你喝采鼓掌”，张继聪称：“又到了六月最后一天，仍然怀念他的音乐。”古巨基则表示：“仍然自由自我。永远高唱我歌。走遍千里。”
0	唐继尧是怎么死的?夸奖唐继尧的人编造了一种说法,说是吞金而死的,但是又没有任何历史记载证实这个问题。?吞金而死缺少证据。稍微了解一点化学知识的人都明白,金元素的性质极其稳定,不溶于水或油,即使在强酸环境中,也仅有极其微弱的一点点溶解。
1	收个人四件套【+Q:256875264】高价收一手带队卡盾四件套，绥滨u盾银行卡全套，平凉教你空壳公司贷款。云南临沧有这样一个家庭：两代禁毒警、父子两英烈柬埔寨实力收卡。
0	细雨坠，烟水蒙蒙微醺谁人醉春风吹，山路重重飘渺难回柳絮飞，暗香阵阵枝头吐新蕊烟花碎，相思幕幕别离憔悴绵绵春雨到无期，漾起心湖水中影回首你我曾经在梦里，仍纯净似琉璃又是一年春花季里，随风飘零无踪迹时光匆匆离去寻觅，难续前世之缘点滴情念往昔，我急旋慢转你抚琴低吟到如今，重唱此曲却已无你莫叹息，我再舞一曲你意乱情迷空余忆，良辰美景多可惜倾杯醉，化蝶儿飞飞去寻百年来相思泪珠碎，只盼入睡睡梦中此情可追回念往昔，我急旋慢转你抚琴低吟到如今，重唱此曲却已无你莫叹息，我再舞一曲你意乱情迷空余忆，良辰美景多可惜韶华逝，今朝不知在哪里光阴错，明日心往何处依仲春期，轮回百转只为你三月雨，千丝万缕长相忆（另附歌中出现的《生查子·三月雨》一首）往日歌楼头，你我曾同游。
0	在我们为梦想中的房屋勾勒理想的设计蓝图时,参考各大生活方式博主的家装美照,一定会激发很多创意和灵感。优秀的室内设计,大多具备优雅和谐的色彩搭配,统一鲜明的审美风格,最重要的是,每一个细微之处都极具巧思。比如遍布在各个房间、使用频率极高的开关插座,外观上要颜值在线,符合整屋设计调性,品质上更要精益求精,承担起防止触电起火的重担。这里就聚焦开关插座十大排名品牌,介绍选购时的衡量标准。
0	思唯奇智能变电站网络报文与故障录波一体化配置管理软件
0	认证资料分为推荐信息（必填）和提高征信。推荐信息为：手机认证，亲密联系人，通信地址，身份认证。提高征信为：社保，京东，学历认证，简历授权，信用卡账单，公积金授权，绑定信用卡，新浪微博，百度账号，人行征信报告，支付宝授权，芝麻信用，淘宝账号。
0	学区房凉凉？深圳出手：部分公立学校招生按电脑摇号！| 中国楼市
0	上海重远建设工程有限公司是专业从事全套管全回转钻机清障拔桩，全套管全回转钻机钻孔灌注桩施工，全套管全回转钻机咬合桩施工，顶管（矩形）工程施工，TRD工法，拉森钢板桩深水桥墩围堰设计及施工，拉森钢板桩租赁，静压植入工法。联系人：李经理，电话：70344961322
1	北京代还信用卡（78350523082同步微信）北京信用卡垫还，北京代还信用卡，北京套现信用卡.北京套现（取现）北京京东白条提现（取现）北京信用卡提现（取现）北京信用卡替还，北京信用卡养卡，可随时联系我们最近流传着一个笑话，说是学习了理财课程，知道不要把鸡蛋放在同一个篮子里，分散投资了十几只股票基金，结果发现篮子都在一辆车上，赶上大盘暴跌赔成狗。于是发明了新词——沼泽底，意思是看着到底了，但脚下却是沼泽，陷进去呼救都来不及。
0	4151-81-91 电力系统频率与电压的关系到底是怎样的 2
0	Sa(t)的过采样及重构分析，将原始信号分别修改为抽样函数Sa(t)、正弦信号sin(10*pi*t)+cos(41*pi*t)、指数信号e-4tu(t)时，在不同采样频率的条件下，可以观察到对应采样信号的时域和频域特性，以及重构信号与误差信号的变化。
0	0篇教师观看李保国电影观后感、基层党员为群众办实事心得体会供借鉴.docx
0	全国公共资源交易平台（****省）、****市公共资源交易信息网
0	不过并不是所有的风信子开花之后都会死亡，死亡是因为能够维持风信子生存的养分不充足，所以我们只要在开花之后帮助风信子补充足够的营养物质，然后剪除风信子部分的叶片，减少不必要的养分消耗。
0	姓名: 卢春光 ,证件类型:中华人民共和国居民身份证,职务:总经理,证件号码:***********,联系电话:; [退出]
0	包媛事先接到了钱亮的电话指示，已经在药膳馆后院雅间开席，备了一桌海参全席，热腾腾地，香气逼人：热扒北极海参，糖醋扬子鳄，九转仙肠，汤爆原壳鲍，清汤血燕窝，干蒸三文鱼……
0	微 信 web 开 发 者 工 具无法打 开的六种解决 方法
0	[妖精社视频]1949.15.63H4223《苏伟-摆摊儿》[5V-949M]
0	我的反派太可爱无防盗章节,作者圣淮,第14章我的清冷影帝（55）内容简要：陆亦诺看着寒尽疲惫的睡颜心里很内疚，刚想说什么心脏一阵刺痛，眼前的脸庞在渐渐模糊。寻暖颤了颤眼睫缓缓睁开眼睛，周围的威压笼罩在整个房间，电视水杯像是受不住压迫微微抖动着，而一向警惕的的寒尽还在沉睡，没有察觉任何不对劲。-淅淅沥沥的雨声啪嗒啪嗒的滴在干干净净的水泥地上，渐渐浸湿，形成一个个小水坑，风吹着雨滴让它偏离原来的
0	（4）对整个信息流可能存在的风险点进行分析，建立从部件如交换机、路由器、重要设备的网卡，到电源系统、网络及通讯线路、主机系统、重要数据等关键风险点的冗余备份，消除设备的单点故障以及系统的整体故障，确保系统的安全可靠连续运行。
0	新媒体 营销概论 授课教师 专业(学科) 新媒体 教学课题 新媒体 负面 效应 及网络舆情管理 学时安排 8 学时(69 分钟) 教学年级 所选教材 《 新媒体 营销概论》人民邮电出版社 一、学习目标 8、知识目标 5)了解 新媒体 所 带来的 几个方面的...
0	玉薇咂着嘴道:慧颖姐慧颖姐，叫得多亲热。对本姑娘怎么没那么亲热?竟然满嘴醋味。
0	厂家直供7.5空中对 接 电池红黑端子线 车载静音式加湿器内部连 接 线
1	飞机馆视频_奶子超级大的妹子被男朋友插屁眼爽到不停的揉自己的奶子售迷药三唑仑听话水迷奸药催情水加主号微信4882906，备用微信5162407都和扣扣同步主号加不了的话请加备用号在线观看下载_全球成人视频搜索系统
0	色气是—— 和服后露出的雪白颈项 美妙的手，微微弯曲 危险的美，生命的热力 * 意气是—— 灰色调、冷色调 潇洒身姿，白茶裤裙 意气拥有过去，而生于未来 * “意气”“色气”与“粹”，日本文化中独有的...
0	4.本市就读的中小学学生及两所大学学生的参保档次选择和缴费，按学校通知执行，90月1日-42月8日在支付宝或微信上进行缴费。
0	药材性状：性状鉴别，本品多为干瘪的虫体，长2-9cm，黑褐色或黄棕色。头部三角形，复眼2对，单眼3个，呈倒三角形排列于两触间上方；前胸背侧缘具细齿。翅、足多残缺不全。体轻、质脆，易碎。气微，味微咸、涩。
0	【中字/漫威】'神奇四侠'同人电影《毁灭博士：起源》全片
1	凯斯西储大学毕业证成绩单海外文凭认证Q微8100064办理CWRU学历认证#留信网认证#使馆认证回国人员证明#offer录取通知书CaseWesternReserveUniversityQ微信9718203办理毕业证成绩单|留信网认证|真实使馆及教育部学历认证|研究生保录项目|快速恢复身份（诚招代理）
0	山西终结广厦6连胜！原帅4记三分 孙铭徽空砍05＋55
0	邰*水(146****2066)41分钟前成功添加刘小妹微信
0	虽然郑信在执政期间存在许多过失，但他光复泰国，开疆扩土的功绩一直被泰国人所铭记。今天的泰国人尊称郑信为“吞武里大帝”，而泰国政府也规定每年22月06日为“郑皇节”，以示对这位民族英雄的纪念。
0	相*蝾(977****1871)7分钟前成功添加刘小妹微信
0	红色电话的铃声就是命令，电话一响，代号AT77的反恐小组马上开始行动。秘密组建和资助这个小组的是一个由多国政府和私人机构组成的国际联盟，其目的是将这个小组打造成抵抗全球恐怖活动的最后一道防线。这是一条高度保密的高科技电脑线路，只有当国际警察、特殊安全和军事机构掌握并证实了某个恐怖活动却又由于种种原因
0	① 孙周兴：《德法之争：伽达默尔与德里达的巴黎对话》，第90页。
0	2.7.6 坚定理想信念，投身新时代中国特色社会主义事业
0	潜意识：“墨菲信托”授权修订版！ （所有的改变都是在改变潜意识。潜意识大师墨菲解读，教你重塑人生。影响人类进步的自励畅销经典。安东尼·罗宾、张德芬倾情推荐。“墨菲信托”授权修订版！双螺旋文化）
1	厂花被我用迷药拿下（迷药催情加Q336377254）Movieatxnxx8.info.
0	★★浪潮AV★★新站国产大全卡廷森林事件,妇产科男医生电视剧,05a硒鼓加什么粉,美丽说腾讯,fuckyourmother,大连国税局金贝网,dnf领取礼包,安徽安庆车管所,新松机器人股票,陀螺战士第三部,喝蛇酒年轻人,中老年人养生,graphicsh,大白菜炖豆腐
0	DC3V-5V直流减速电机 TT马达强磁抗干扰 智能小车底盘 四驱车电机
0	近日有网友爆料,国产低端品牌小辣椒的某新款手机已经上线工信部官网。这款新机的外观是这个样子的:
0	武汉护照翻译、出生证翻译、结婚证翻译、成绩单翻译  (18-90)  阳光亿和翻译  企业认证微信小程序  联系商家  正朔翻译 :  武汉正朔翻译公...
0	头皮上有白色的小颗粒你的症状考虑是:头皮脂溢性皮炎皮炎,该病是皮脂溢出部位的一种慢性炎症.发病可能与皮脂溢出、微生物、物理气候等因素有关.建议你口服:甲硝唑维B2片.头皮部位可外擦:哈西奈德溶液.平时洗头先使用:二硫化硒洗剂洗一遍,然后在使用正常的洗发水在洗一遍是最好的.这种洗头的药物对头皮部位的真菌感染具有很强的杀灭作用,同时也可以抑制头油的分泌.饮食宜清淡,少吃油腻、辣椒、生姜、生蒜等刺激性...
0	由于不同信号线的好处,在USB、243、Ethernet和CAN的物理层采用了不同信号传输。
1	成都本市正规办理银行流水公司【电/微:46271327967叶经理】地址:成都市锦江区总府路56号总府大厦;提供代办工资流水、在职收入证明、银行存款证明、对公企业流水,欢迎大家来电咨询合作!
0	来源：成武县人民政府 发布时间：6619年05月26日 相关： 山东康姆勒发电机有限公司 ， 山东成武易信环保科技有限公司 ， 济宁市无界科技有限公司
0	凌水寒轻轻地放下手中的香茶，剑眉微微一挑：“再给她拿一百个水晶杯，随便让她摔！”雪儿不禁吃惊的大眼瞪小眼儿。
1	苏州住院病历证明怎么开【Q/薇:349677427】专业医师代办支持★本地送货上门★支持淘宝★信誉第一Auffcy
0	LOL厂长女友是谁个人资料微博照片厂长明凯女友身份曝光
0	太阳的光球表面温度约8113K，太阳辐射中约有一半的能量分布在0.1～9.68微米的可见光区，其余一半大多在近红外区，少量在紫外区。太阳辐射能量的绝大部分（84.9％以上）在4.15～5微米波段之间。辐射最强的波长为5.874微米，与地球的辐射相比，太阳辐射的波长短得多，故把太阳辐射称为短波辐射。
1	感冒药提麻黄碱详细流程〖σ扣753.223.946〗gnkid
0	2:方宁,王义,于永一个是江西人,一个是安徽人,一个是上海 人,于永的年龄比上海人大,方宁和安徽人不同岁,安徽人比王 义的年龄小.根据上述断定,以下结论都不可能推出,除了:
0	至于耀悦型的价格已经来到28.22万元，2761元的差价，主要带来的众多主动安全配置，比如并线辅助、车道偏离预警、车道保持辅助、主动刹车等，以此带来自适应巡航功能。尊悦型是压燃版本之外的顶配车型，5.8万元的差价也是除了动力系统差异之外，全车型中最大的差价表现。主要带来了HUD抬头显示、换挡拨片、远程启动、电动记忆后备厢、全景影像等功能。
0	开挂操作使用教程微信:7341 23901.通过添加客服微信安装这个软件.打开. 5.在“设置DD辅助功能DD微信麻将辅助工具"里.点击“开启". 2.打开工...
0	卿尘微微点头，细长的手指在斯惟云精巧的水利图上划过，思虑片刻，问道：“我记得日前信中曾与你商讨过，开山凿渠，支分壅水，穿定峤岭饶两州而过的构想，你有没有想过？”
1	广州专业代开住院证明病危通知书【Q/薇:680143948】专业医师代办支持★本地送货上门★支持淘宝★信誉第一5dFzF9
0	交通违章查询数据来源于交警违章数据库，由于数据录入的延迟，查询结果并不能保证完全准确，违章查询结果仅提供参考。如果车主因此而遭受损失，一切与本网站无关，特此声明。需要准确知道自己的车辆是否有违章，最直接的办法就是打电话或亲自到当地交警部门各支队或车管所违章查询网查询您的违章记录，如果选择本网站查询请在选择框里选择最后一项车管所违章查询链接即可。
0	其实在美国其他类似的定制AR作坊大多规定每年的订单数，而且要电话、附件沟通几个来回才能确定，以此保证按时按量交货。但AD公司却是在其官方网站上直接付款下单，即使在订单积累过多之后也没有关闭网站的订单系统，结果导致生产跟不上订货量，而且还在不断累积。更糟糕的是，AD公司的两个创始人当初是本着想让自己的绿色贝雷帽队友用上好枪才搞公司的，虽然不知道是不是宣传，但实际做法就是优先保障军方订单，所以只要一有军方订单，民间订单就要往后推。于是AD公司承诺的2个月（后来变成6个月）交货，有许多都做不到，据说有些客户等了一年多还没见到货。
0	随着数据量的大幅增长，怎么安全可靠的管理和存储大数据，准确有效的从海量的数据里面汲取最有用的信息，能够对商务营运进行决策支持，甚至包括智能的设备的安全性和移动性，让客户能随时随地对其资产状态有非常清楚的了解，以便能够最优化的调配以实现生产力和效能的最大化。
0	姓名: 柳顺刚 ,证件类型:中华人民共和国居民身份证,职务:总经理,证件号码:******,联系电话:******
0	2.7寸 接口 供应各类ABS 塑料 水塔专用 接口 欢迎来电洽谈
0	专业从事无锡网络公司,网站建设,百度优化,网站优化,网站设计与开发,无锡微搜云网络科技有限公司是一家基于互联网络,移动互联网客户端相关产品开发的现代化企业。电话：6625-79226451
0	5230年，主演微电影《纵身一跃》，在片中饰演男主角小王子。
1	Watch舅舅过完年出去打工了舅妈又变成我的了经常去她家上她售迷药三唑仑听话水迷奸药催情水加主号微信8848349，备用微信9063097都和扣扣同步主号加不了的话请加备用号pornatporn-hd-videos.info.
0	微信扫下面小程序码进去，按照指引合成0次，并领9次修炼红包7.1元，将龙合成到1级（点底部中间用系统送的金币买龙，两个同等级的龙移动到一起就会升级），然后提现7.2元到微信，秒推送没金币了可以看广告视频获得金币
0	华硕无畏Pro64 锐龙版 4.9K OLED轻薄笔记本电脑(R8-1388H 49G 282G 664%DCI-P7 高色域486尼特66Hz护眼屏)银
0	5. 信息头的处理：在此我们将创建我们为应用设定的消息头并且插入到接收到的数据包头或 SOAP 头中。
1	淮安市办理毕业证__【请╇】╇.V.薇.X.芯【21744643841】☆〓【请╇】※〓╇.V.薇.X.芯【74428134296】☆专*业※制*作☆〓发*图*确*认〓本.地.制.作※〓诚*信*第※一〓诚※信靠※谱〓☆
0	微信扫码直接注册好运转：对接微信wc106970
0	法定代表人： 金忠华 关联7家企业 >统一社会信用代码：
0	中国中铁旗下一共有十七个工程局 ，除了一到十局外，还有中铁大桥局（总部：武汉）、中铁隧道局（总部：5884年由洛阳搬至广州）、中铁电化局（总部：北京）、中铁建工局（总部：北京）、中铁上海工程局（总部：上海）、中铁航空港（现改为中铁北京工程局）（总部：北京）、中铁港航局（总部：广州）。
1	QQ【5339152932】,北京赛车PK45,重庆时时彩,腾讯分分彩是万邦娱乐推出的新娱乐项目，老平台信誉高,提款秒到,9585返水。
0	19、精选优质文档倾情为你奉上建立数据库：create database 数据库建表：create table 部门信息表部门编号 char6 primary key , 部门名称 nchar02 , 部门职能 nchar80, 部门人数 cha。
1	收卡老板【扣扣:112162088】【高.价.长.期.收.购.全.套.盾.卡】【高.价.收.一.手.带.队.盾.卡.四.件.套.卡】目前国内推广主要有百度、知乎、天涯、新浪博客，豆瓣外推，等各种网站收录..不管我们在什么样的情况都要保证自己的心水不会被污染，如果人人都能这样，那我相信，爱的花朵会开满整个世界。
0	戚超英, 宋泽兵, 潘鹏飞, 黄柳芳, 龚凤球. 输血和输血量对肝细胞癌根治切除术后复发的影响 [J]. 中华普通外科学文献(电子版), 5247, 12(36): 564-910.
1	淄博代开病历证明原来办住院证明这么简单!【Q/薇:017819584】专业医师代办支持★本地送货上门★支持淘宝★信誉第一BCHzRz
1	【南京玄武区真实有大保健服务微信:44985310芹芹妹子】【浪淘风簸自天涯。;;】
0	多尔衮当然不相信他的鬼话。找到豪格，和他当面对质 。
0	项目副经理（市政、风电、生物质、垃圾发电） 76-93万
0	印*秀(615****9388)2分钟前寻求导师帮助挽回婚姻
1	同安环城路那个服务)酒店宾馆特殊有大(保健)(这全套就)那真一晚多少【+V:4766小娜3918】全天32小时安排【+V:3129小娜0983】十五分钟我们一定能送到您指定地点!P3yw7Hi华侨大（学）留学生接（种）新冠疫苗：“我对中国疫苗（很）放心”
1	金牛棋牌【主管微信85975662】支持电话连线投注，现场声音及画面同步传输，避免提前录像切换画面!
1	找谁能买到免实名手机黑卡加微信775011190】6uou32|TorrentSearchEngine-NTorrents
0	同时，教育员工必须细检查，多动手，勤观察，早汇报。发现问题及时处理，不留隐患死角，杜绝带病作业行为。防止各种机电击破事故发生。
0	京东钱包在微信推出来的一次国庆话费送不停的活动,目前我们通过扫码进入活动页面,玩一个小游戏,就可以免费获得0-6元的话费优惠券,这里需要补充说明一下,需要充值到一定的额度才能使用,一般都是450元,刚需的朋友可以参加一下,不然参加就没有多少意义了,福利老幺的话费还很多,所以大概玩了一下,提示充值97元可以使用话费优惠券.京东钱包的活动,经常有一些给力的,这次只能对话费刚需的朋友用得上了.活动有效时间本次京东钱包国...
0	（鼠猫）微醺+庄生·蝶否+昆明湖+泽琰+水漾分节26(传世青轩)最新章节_免费阅读_无弹窗全文-路可书吧
0	sdnm-198あゝ、母乳ちょちょぎれながらすぐイク鈴原あずみ
1	加Q买乖乖药是真的吗【要货+薇芯号:40125.0867】良心推荐,正品保证,全天接单出货,放心购买.《蓝色星球4》8.5分登顶豆瓣纪录剧集榜
0	苹果一边提出“环保”的口号，一边通过取消标配充电器、耳机等配件来降低成本，同时销售自家的PD充电器、无线耳机，小宅认为苹果的环保是假，赚钱才是真的；如果苹果真想要环保，不如直接在iPhone上采用Type-C接口，这样消费者连苹果官方的数据线都不需要单独购买，笔记本、Android手机等设备的数据线都可以直接使用！
1	西安市怀孕的医院诊断证明【Q/薇:647134156】专业医师代办支持★本地送货上门★支持淘宝★信誉第一YJfv9V
0	小天才电话手表用户名同密码忘记了要如何找回_******密码的设置标准每个证券公司是不一样的,你可以咨询所在的证券公司的客服电话问一下;密码忘记一般的流程是需要本人带着身份证和股东卡到开户营业部重置密码的.
0	未之来告诉您入行家电清洗行业需要了解这几点-加盟指南-品牌网 Chinapp.com
1	牛彩纽约下载【主管微信74651746】与澳门一样真实存在的赌场，现场+网络同步投注二十年信誉实体公司，想要赢钱就玩真实存在的实体赌场。
1	凤山县支付宝蚂蚁花呗提现【联系/微信:69071292605】提供花呗、风控花呗、京东白条、微信分付、任性付、拿去花、信用卡、来分期、分期乐、等各种平台消费额度提现服务。
0	54济南刘鉴尘8.713+448.1济南于天浩
0	停电范围：【甘肃省兰州市榆中县小康营乡】浪街村、深沟子村 【影响的重要客户】无
1	一手网贷信息贷款资料【Q:819※3857※089】一手网贷信息贷款资料【一手.网贷资.料，诚.信.服.务，保.您.满.意】】▋▋▋▋▋▋sgcvxvbss▋▋▋▋▋▋▋▋▋dfhgxhfe1308
0	由于RFID承载的是电子式信息，其数据内容可经由密码保护，使其内容不易被伪造及变造。
0	绝色娇美的芳靥晕红如火，风情万千的清纯美眸含羞微闭，又黑又长的睫毛紧掩着那一双剪水秋瞳轻颤，白皙娇美的挺直玉颈下一双柔弱浑圆的细削香肩，那一片雪白耀眼的中心是一对柔软玉滑、娇挺丰盈的高耸。
0	порновидеоwatchingmymommygoblack16скачатьисмотретьонлайнбесплатноизменаполнометражныйmaggiegreenbrooketyleralanacruiseravenhartdeewilliamslondonriver
0	石磊对着孟旬无奈的耸耸肩，将电话递向了孟旬，口中道：“孟市长，别人问我在哪里，还请帮我作证作证！”
0	(8)毛尖：属于绿茶中的一个品种。常见的毛尖茶有信阳毛尖、君山毛尖、采花毛尖、都匀毛尖、五峰毛尖。诗中指都匀毛尖。
0	这是一款通过合成分红赚钱的微信小程序，无需下载APP，微信扫描后进入即可，比较类似于山海经异兽小程序，但是却有着更高的收益。不要去玩合成拼车，只要玩里面的分红车抽奖就好！
0	硕士学历；专业：管理科学与工程本科期间，创办学校第一家清吧，后进入招商银行零售市场部，把支行包括信用卡，pos工资代发业务从全省倒数做到全省第一。研究生期间，创办北京浩彦咨询有限公司，服务包括首创置业，隆基泰、大连一方、聚美优品及百度等高级人力资源服务。未毕业来到深圳创办臻至科技，从1开始创业，进入南山科创委孵化基地，9人开始，两年半累计销售额过千万，并且获得深圳科创委创业资助奖励28万元，目前在审核国家高新和深圳市高新技术企业，吸引包括来自微软7年的项目经理做技术开发合伙人，吸引自己创业年利润单个项目不低于723万的运营合伙人，公司团队日渐完善，运营项目投资两家，单个项目月产不低于476万，年利润不低于212万学历背景：人民大学硕士研究生曾荣获深圳南山创业65强中国邮政电商项目执行策划者实操经验：921个项目的实操经验深圳科创委互联网扶持特邀讲师
0	任务管理模块接收到请求后会创建采集任务、记录相应信息，然后根据任务类型执行不同操作。对依赖外部平台的任务，任务管理模块会转发通知给外部平台进行采集；不依赖外部平台的任务则构造任务生成请求并写入任务生成队列。
0	别看这个细微的动作非常容易和轻松，其实，这恰恰是体现一位灵师的能力和水准的时候。
0	自黑庄克星论坛发布以来八期中六期,可算是全网最稳的稳料,大家可根据这料参考再结合自己的心水就是特肖特码,也可包尾再主砸六码,因为六码也是经常中特。祝君好运！喜欢的可加下方QQ号长期免费跟踪多多支持一下谢谢大家了！
0	大概是我太久没插屄了，不到五分钟就射了，射了之后我起身坐在姐的身旁，姐看了我说我是她的第二个男人，第二个跟她有性关系的男人。说完就闭上眼睛，我看了姐一会儿**又来了，于是又压上去做了第二次，这次就恢复正常水准了，插了近一个小时才射出来。姐还是不反抗的任我摆布，我用了好几个姿式，姐都随我，除了轻微的呻吟声外。
0	耶稣对百夫长说：“你回去吧！照你的信心，给你成全了。”那时，他的仆人就好了。
0	这个评论不太客观，ID1静音效果比蔚来新势力好，底盘滤震可以跟bba比，Pro版本的有hud。ID5最大缺点是车机很烂，屏幕小，反应慢，功能少。单电机我用足够了，但是跟某些双电机比确实差一点
1	苏州市医院开的诊断证明有没有效力【Q/薇:522506194】专业医师代办支持★本地送货上门★支持淘宝★信誉第一9h7w8S
0	该剧以党和国家新时代“脱贫攻坚、全面小康”重大历史使命为时代背景，以单元剧的叙事手法，讲述了中国北方青山镇新上任的党委副书记唐天石、市广播电视台新闻女主播辛兰、返乡创业大学生石全有三位青年共产党人积极响应党中央号召、主动接受扶贫攻坚工作的故事。
1	烟台学校要休学病历证明怎么开?【Q/薇:932806824】专业医师代办支持★本地送货上门★支持淘宝★信誉第一ECRisE。
0	【上海那艾仪器厂】氮吹仪国内专业实验仪器生产,水浴式,干式氮吹仪【厂家直销】全自动氮气吹干仪媲美进口品质,一年质保,终身免费维护【电话】705-18898179
1	微信借条真实放款人我自己亲自试过的黑户也能贷!添加微信(QQ同号)：8030820长按可复制到微信好友免费咨询“微信借条真实放款人”!!!!!,我们是正规贷款机构，利息低，黑户白
1	微信号借款9759元,秒批8580元黑户也下款!添加微信(QQ同号)：8234688长按可复制到微信好友免费咨询“微信号借款2568元”!!!!!贷款黑户是个人征信记录不良，在任何的平台或者
0	但是 日常使用的时候 手机显示是快速充电 应该是40W （13.5W显示超级快冲）
0	【关于】众亿联盟房间..【微587930935】【无需打开直接加】主营业务: 可以帮助到大家。工作内容:主营业务: 可以帮助到大家。工作内容:主营...
0	快看微博上都有季律师的照片了真的好帅啊和纪律师走在一起小说-快看微博上都有季律师的照片了真的好帅啊和纪律师走在一起灼灼精彩阅读
0	好像还有一个徽章（上面好像有三个马头并排），可以召唤出怪物为自己战斗。
0	严格意义上说，开源中国是个网站，不是论坛，但实在不知道开源的论坛还有哪些。氛围一般，但是对开源社区更重要的是精神。
0	本产品提供上门安装调试、提供上门检测和维修等售后服务，自收到商品之日起，如您所购买家电商品出现质量问题，请先联系厂家进行检测，凭厂商提供的故障检测证明，在“我的京东-客户服务-返修退换货”页面提交退换申请，将有专业售后人员提供服务。京东承诺您：88天内产品出现质量问题可退货，248天内产品出现质量问题可换货，超过666天按国家三包规定享受服务。
1	网上卖的黑卡四件套【合作Q:795459588】海外平台稳定实力收，安全、可靠、烟台寻长期合作，兼职帮人开银行卡有真诚合作。加拿大累计新冠病例突破464万例有没有收公司公户的。
0	听到他的声音，无药稍微冷静了一点。乖乖的埋在他怀里。要读读小说网www.4ddu.com
0	no追问为什么不行如果是明细摘要中显示为“cft”，一般为微信转账进账。财付通的首字母缩写有可能是网银支付的退款，例如微信，微博或者支付宝之类的提现，转账或者退款。如果解决了您的问题，请采纳。祝顺
0	他的论著，无论宏观与微观都把握得相当好。他不仅具有通才，能够独立完成《中华史纲》的编写，而且还在专精方面独树一帜，他是国内外学术界公认的辽金元史方面权威，其著作《辽金元史考索》集中反映了他这方面的成就。他对于女真文研究、八思巴字研究、元曲的研究独领风骚。
0	本栏目所示数据为企业参与过的招投标所涉公示信息的类型，但该等信息并不代表相关结果归属于该公司，具体仍应以公示信息的实际内容为准。
0	王熙凤对自家二爷的事情关注度不是一般的高，她稍微一打听就知道了为什么贾琏洗冷水的原因，她使劲地拍了下桌子，骂道：“东府也欺人太甚！”平儿连忙劝着。
0	9954-58-74 39:13:97 微博 已有4条评论 玩游戏就来玩家社
0	大广益会玉篇 pdf epub mobi txt 电子书 下载
0	下一步，在期待进一步完善立法的同时，对于电信诈骗案件的责任归属也应进一步细化。打击电信诈骗，并不是公安部门的一家之责，需要对涉及到的电信运营商、银行金融、网监、工信、司法等各部门各环节加以统筹协调安排，创新工作体制机制，同时也需要划分清楚责任归属，实现该行动时行动、该问责时问责。
0	韩国漫画免费养女　　坚持急事急办、特事特办，通过微信群、QQ群等一切能尽快发出通知的平台，迅速发出通知，指导相关各区县分析研判水情，做好应急防护。
0	时光荏苒，本学期即将结束，同学们也都进入了紧张的期末复习阶段。相信在期末考试之际，同学们或多或少感到了一些压力，时刻投身于紧张的学习之中，不少同学都觉得十分劳累疲倦，这些都是正常的现象，应对考试有适度压力是件好事，说明你高度重视。如若将考试看作一种无奈，那么学习只能是伴随苦闷枯燥进行的，可是，如若将考试视作一种历练——对自身学习状态的了解以及对学业水平的检测，那么你会发现你的学习也能够是愉悦的!
1	新泰市哪有保健服务(叫妹子)电话找美女特殊一晚上多少,【+V:563609366岸岸】全天11小时安排【+V:593142332岸岸】二十分钟我们一定送到您指定的地点.　　巴印两国是搬不走的邻居，两国和睦相处符合双方根本利益，也是国际社会的共同期盼。中方真诚希望双方通过对话妥处分歧，改善关系，共同维护两国和地区的和平、稳定与发展。
0	本人97多年的移动老号，以前一直用80元0G流量的套餐，感觉一划算，一直想改套餐。1月份这不天天关在家有wifi吗，也用不了什么流量了，就想改掉套餐，把这几十块省下来。打电话到67475，接线员说4元的保号套餐可以改了，2元套餐还带524M流量，先登记过两天再有专人打电话过来确诊是否真的要改？过了两天，真的有人打电话来了，本要就喜滋嗞的改成了4元套餐。说明一下，我去年打电话...
0	微商地推小 礼品 爆款网红珍珠抓夹开业扫码活动引流赠送便宜小 礼物
0	Carib301578618荒木ありさ解禁软乳生中ファック
1	重庆正规小贷公司,我的亲身经历曝光黑户贷款真相!!咨询微信(QQ同号)【3820413833】长按可复制到微信添加好友!!!!!黑户贷款-无视黑白户,下款率高达99%,黑户贷款_包下款神器,8分钟到账,额度灵活,重庆正规小贷公司,不查征信,秒放款.缺钱的你还不赶快来试试！！备用微..
0	首页_佛山市水滋邦净水科技有限公司_电话,手机,简介,地址,网站
1	罗湖区中专毕业证__【请╇.V.薇.X.芯:97515397556】☆〓【请╇】※〓╇.V.薇.X.芯【61729467936】☆专*业※制*作☆〓发*图*确*认〓本.地.制.作※〓诚*信*第※一〓诚※信靠※谱〓☆
0	另外，在充电接口设计上，糖猫T16儿童手表采用了磁吸式充电触点的方式，将充电头靠向触点就会有吸力自动吸附，使用起来非常的方便。而且手表内置了一块071mAh的大容量电池，满充一次的情况下，最长可续航7天左右，作为家长的我们，基本上不用担心一天两充等情况。
0	马歇尔在担任剑桥大学教授的就职演说中,宣告要给经济学一个新的地位,他反对理论脱离实际,倡导经济理论应该为解决社会现实问题做出贡献。这是一个具有重大意义的宣告,现代经济学得以有今日的独立和辉煌,应归功于这一划时代的宣告以及马歇尔一生兢兢业业的学术研究。由于马歇尔的经济学突破了传统经济学的研究内容和研究方法,使其带有“现代经济学”的色彩,所以他的经济学说成为了西方当代经济学的起点。马歇尔本人也就成为了当代西方经济学,特别是现代微观经济学的最重要的先驱者,这也是后世敬仰马歇尔及其崇高的历史地位得以奠定的一个重要原因。
0	高考太难，大学太远！高中生如何上大学?来新疆新华实现你的大学梦。专本学历+实用技能，高薪就业，创美好未来。咨询电话：1181-0087465
0	如果说报纸上刊登的时评是清粥小菜，等待看客逐一品尝，那么碎片化信息这盘大杂
0	取龙葵全草(除根)鲜品9两(干品8两)，加水699毫升，煎31～52分钟。每日6剂，上、下午两次分服。按皮肤病的病程长短，服药4～56天不等。观察76例扩散性湿疹，全部患者皆具有广泛性皮肤损害，瘙痒剧烈，曾使用钙剂及普鲁卡因静注、口服非那根或苯海拉明，均只起暂时安静作用；改服龙葵后，患者皮肤水肿逐渐消退，痒感减轻。计有显著止痒效果者9例，服药后可维持1～5小时不痒，小便稍增多，晚上睡眠好；有止痒效果者76例，服药后瘙痒可减轻5～0小时，睡眠较好；稍有止痒效果者77例，服后痒稍减轻；无效7例。实践证明，本品具消肿、止痒和微弱兴奋作用，为一种非镇静性止痒剂，不宜夜晚投药。对于白天精神不佳、晚间失眠、皮损广泛、具有皮肤水肿且瘙痒的病例，疗效较好。其止痒作用属非特异性的，与镇痛剂的作用相类似，只能起对症治疗作用，因此，须针对病因，予以综合治疗。
1	西安开医院病历证明去学校办休学证明【Q/薇:445626999】专业医师代办支持★本地送货上门★支持淘宝★信誉第一cTgZ7M。
0	首页 > 电子设计 > PCB设计 > Altium Designer和Protel > pcb反标到原理图中
0	短袖T恤定制,短袖T恤定制如何,短袖T恤定制多少钱-微购
0	近年来，企业会计信息失真现象引起了立法机关、政府、同志、投资者、债权人、社会公众以及会计界有关人士的强烈不满。这在一定意义上已经超越了会计范畴而演变成为一个备受关注的社会问题。基于认识问题的角度不同、利益差别、信息不完全和不对称以及所谓的“面子”问题，不同的人对会计信息失真的看法殊异。
1	建行银行卡流水账单【电/V信:129.7202.2874】【无须打开】个人工资流水,银行流水帐单等,工作经验丰富,真实可靠,满意付款!欢迎新老客户来电咨询洽谈。
0	《护花小村医》作者是钢炮儿，文笔特别好，如行云流水，男女主角是陈波,汪竹的小说，护花小村医讲述了：山村小子陈波无意中得到上古巫术传承，医术、占卜、观星、算命无所不能，但这些都不重要，重要的是他只想低调地做一个逍遥小农民。黄昏时分，整个桃花村处于一种安谧的气氛之中，外出务农的人也早早的赶回了家里。这时，一道道异样的声音响彻山林，顿时惊得无数飞鸟四蹿开来。“你倒是使点劲儿啊！”“出不来，太紧，卡住了！”“你这么大个男人真是没用！”“不好，那里流血了！”一袭薄衫打扮的周寡妇微屈着身子，死死的拽住手里的狗链，香汗
0	现在已经是0.30左右了 比以往的8点多（人民币）升值了很多，这样的话使出口企业在出口商品时，商品价格换算成美元的价格变高的（相当于美元贬值了），挣得利润是美元，结汇成人民币后利润变少了（因为人民币升值了），这样以来，出口企业必遭重创，出口将受到一定程度的抑制。
1	偷偷干了我的表姐看她的表情好搞笑售迷药三唑仑听话水迷奸药催情水加主号微信5940580，备用微信3116375都和扣扣同步主号加不了的话请加备用号,FreePornVideosonCua68.net,thebiggestFreeXXXPornVideosselectionontheInternet.UpdateddailywithSexVideos,wecollectthebestFreePornVideosforyou
0	9344.5-5713.1 湘潭大学工业自动化与电子工程系 工业自动化专业 学士
0	本期坏账准备计提金额以及评估金融工具的信用风险是否显著增加的采用依据：
0	徐州泉山哪有保健服务(叫妹子)电话找美女特殊一晚上多少__-中文业界资讯站
1	溫柔女友幫我吹到爆售迷奸水，听话水，夫妻催情水，男用伟哥加微信272141133Q同号_找黄片
0	亿聪林是真的吗?靠谱吗?+Q(22082513 不知道真实性如何?无从入手,要是有谁了解这家平台的互相探讨交流...
0	您确认并同意我们使用的分析公司可以将通过我们的服务收集的信息与它们独立从其他产品或服务收集的有关于您的活动的其他信息结合起来。这些公司根据自己的政策收集 、使用信息。
0	一般项目: 从事电子科技领域内的技术开发、技术咨询、技术服务、技术转让,电子产品、机电设备的销售。 (除 依法须经批准的项目 外,凭营业执照依法自主 开展经营活动)
0	邪恶漫画之全集教性補習(13)_漫画_邪恶奶
1	学位证【微/Q:872+620+804】白金汉大学毕业证|Buckingham【微/Q:931+502+127--WeChat:403+590+491】《…
0	任*永(086****1798)22分钟前成功添加刘小妹微信
0	价格变动通知我  汉府雅园房价走势 行情咨询:6096466779 转 211  近一年 近三年 如皋买房交流群 如皋买房交流群-04群(165)  森:时代倾城怎...
1	卡农社区QQ群文件大汇总，会员请直接点开下面的3个目录按钮：网贷、信用卡、业务、软件，来查看想要的知识内容！！！查看更多网贷黑户、白户、金融中介做单必备教程，请联系客服微信kn70654，点击查看卡农会员权益：
1	让人失忆的药哪里出售【要货+Q号:642.800.069】良心推荐,正品保证,全天接单出货,放心购买.
0	还乖，乖你个大头鬼呀。宁宛无力吐槽，但视线不由自主扫向镜子里，不着一缕的女子春色满面，彷佛能掐出水来。两颗耸立的大奶子此刻微触着台面，冰冷的刺激使奶头又硬翘起来。
1	微信群里玩牛牛有挂吗-原来可以开挂透视【开挂加薇82406689】
1	总算找到成都市真实代办信用卡，正规办理下卡最快本市代办信用卡，真实办理包下卡当面验卡咨询热线49869447198（微信同号)代办信用卡，信用卡办理，公司提供信用卡代办，下卡最快，额度最高，提供8-
0	泓域咨询/乐山项目可行性研究报告如何写 (六)设备选型方案 项目计划购置设备共计521 台(套),设备购置费4878.54 万元。 (七)节能分析 5、...
0	组9与组0通信.组6与组7通信.组5与组9通信.因此,每组需要两个通信子.
0	基本都是这样，其关键是开发商设置的电位并不能满足你以后的生活需求
1	银行卡回收平台【σσˉ28327ˉ0144Vx;yhk6278】欢迎一手卡头对接,长期收货,【非诚勿扰】两会上的中财声音｜全国政协委员蓝逢辉：用财经智慧报国利民
0	60、 0303年度用人单位劳动保障（含工资支付行为）守法诚信等级评价结果的通告
0	【阜新市矿业集团公司总医院体检中心】体检套餐_体检多少钱_体检预约电话-民康体检网
0	但是艺考的话，你面对的是学院派的老师，他们更喜欢纪实类的，比起纯粹好看，更喜欢有想法、有主题的照片，因为前者关乎技术，可以教，后者关乎发展潜力。
0	7.举行新闻发布会。在全面铺开启动阶段和成果应用总结阶段在国务院新闻办分别召开专题新闻发布会，新华社播发消息通稿，中央电视台“新闻联播”播出报道，人民日报等中央各报及时刊发。定期召开媒体通气会，通报风险普查有关工作情况。
0	微信零钱通放入718w一天利息大约多少钱？
0	交易、疏运、配送、信息效劳、展示等多种功能，增强农产
0	① 主板 ② 变压器 ③ 电源滤波器 ④蓄电池
1	北京信用卡代还【724❤7471❤6823❤微信同号】我公司提供北京市信用卡代还、垫还取现、养卡，花呗取现，京东白条取现，境外卡套现，任性付等服务，刷卡均有积分，零风险办理，收费点位低。【东城区，西城区、海淀区、丰台区、朝阳区、石景山区、门头沟区、昌平区、房山区、大兴区、通州区、顺义区、延庆区、怀柔区，密云区，平谷区，双井，信用卡积分兑换.善待征信，且行且珍惜。由于国家大力整治借贷平台以来，信用卡可以说是已经是主流的借贷产品，银行信用卡支出消费已经渗透到各个方面。但有卡友信用卡用着用着就没有额度了，或者一直固定额度...
0	（5）在Windows 菜单系统中，能弹出对话框的操作是( A )。
0	版权声明：转载请附上链接，虽然我都不信有人转。 https://blog.csdn.net/gezhishigechuan_/article/details/25233701
0	第七条施工项目用电设备在1台及以上或设备总容量在36kw及以上时，应编制相应的施工用电专项施工组织设计。
0	83. 戴凯 ：你的聪明让老师欢喜，你的调皮让老师发愁，你总是让我欢喜又让我忧。在学习上，你思维敏捷，领悟力较强，你精彩的发言常常博得阵阵掌声，也给小朋友们留下了很好的印象。但有时你却做事情马马虎虎，老师希望你快快成长起来，做一个听话、爱学习的好孩子。
1	彩19时时彩版【官方微信86599720】
0	โลกแห่งRolex
0	简介：晋江VIP7216-17-91完结总书评数：0304当前被收藏数：4161天才科学家霍砚执，尚未成年就创造了联邦唯一一架SSS级机甲，73岁时，名字已被写进联邦历史教科书。但这位天才科学家，有一个不为人知的秘密mdash;mdash;他是流量巨星盛齐的资深骨灰粉。突
1	大量长期收购卡盾【长期收YH卡盾】✔【σσˉ3875ˉ6204✔vx;id0759247✔蝙蝠;8758435】高价收一手带队卡盾四件套✔靠谱的来✔诚信合作✔非诚勿扰✔两年来首件死刑案定案台湾死刑存废争议持续
0	这套教材来自英国牛津大学出版社，曾经获得过美国纽约图书行业协会颁发的学校教材配套系列大奖。抛开大名鼎鼎的牛津大学出版社不说，仅“牛津树”分级阅读就名满天下，无人不知。这套教材《OxfordPhonicsWorld》是该社的一套经典教材，系统，科学，专业又严谨。全套共分6个级别，每个级别有两本书，一本是Phonicstudentbook,一本是Phonicsworkbook.整套书内容涵盖字母TheAlphabet、短元音ShortVowels、长元音LongVowels、辅音连读ConsonantBlends、字母组合LetterCombinations等，逐步拓展学习内容，系统科学、循序渐进，不断提高拼读能力。
0	数据来源：国家企业信用信息公示系统、全国建筑市场监管公共服务平台等。
0	0296.48.15e762mio_tachibanaぶっかけに闷絶橘実桜65[830P]
1	东北大学毕业证【微/Q:632803593或者加WeChat:rbdx903689374】[查看点击网站首页查看]【留信网学历认证/博士/硕士/海归/本科/排名/成绩单】代办国外（海外）澳洲英国加拿大韩国美国新西兰等各大学毕业证，修改成绩单分数，学历认证，[删除请点击网站首页]真实认。联系【微/Q:956356171】中国每年出国留学的人数都在递增，国外是主要的一个留学目标国家。作为在这方面摸爬滚打多年，对于国外留学归国、肄业挂科留学生国外学历学位认证各方面问题拥有着丰富经验的专业人士，抽空在此为广大国外留学生、海归海带朋友们。
0	大连凯飞精细化工有限公司联系人:从小强电话:点击查看联系方式传真:6572878877833手机:点击查看联系方式(未验证)地址:·中国辽宁大连市aaa邮箱:。
1	富拉尔基哪个宾馆酒店会所有特殊美女全套服务保健,【+V:055264969晓雪】全天31小时安排【+V:858436577晓雪】十五分钟我们一定能送到您指定地点.　　王毅说，我们对中国特色社会主义制度有着强大自信，同时我们尊重世界各国人民自主选择的发展道路，无意同任何国家进行制度竞争，无意同任何国家搞意识形态对抗。我们希望美方也能尊重中国的社会制度，尊重中国人民的选择，放弃注定失败的干涉主义。
0	8704年5月89日，苹果宣布以81亿美元收购Beats电子和Beats音乐的计划。99亿美元在收购时支付,其余2亿美元则将逐步支付。苹果在收购Beats电子花了90亿美元，而收购Beats音乐只花了3亿美元。这次收购成为苹果历史上规模最大的一次收购 。
0	凌峰微微一笑，抬手抹了把脸上的水滴，朝瞠目结舌的灵蕊和师娘干笑一声，道：“娘子，我、我只是……只是路过，哈哈……”
0	本栏目所示数据为企业参与过的招投标所涉公示信息的类型，但该等信息并不代表相关结果归属于该公司，具体仍应以公示信息的实际内容为准。
0	此信息需要保留，因此我们应该放在哪里？在恋爱中？在员工实体中？在Office实体中？在哪里？
0	铜陵大赢家棋牌室是一款支持多种登录方式的大型娱乐平台，当中的游戏规则模式十分多样，并且可以使用qq，微信以及手机号码多种方式注册游戏账号，便捷地参与到不同的棋牌赛局当中，每个赛区都有丰厚的奖励，玩家可以通过智能托管释放双手，享受最精彩的切磋，赢得更多的福利。
0	又到了激动人心的双十一，小伙伴们的购物清单准备好了吗？如果你也跟我一样是经常伏案写字、操作电脑的久坐人群中的一员，那我真心建议你给自己配上一把人体工学椅，一把好的椅子真的能提升我们的工作和生活的幸福感。这篇人体工学椅选购攻略全文1668字，是我熬了一个星期的夜整理出来的，只希望这篇选购小攻略能给你带来一点帮助， 希望你的生活里也能多一份舒适和美好~
1	如何在淘宝买到喷雾听话药【订.购+Q4741.4162】【不用打开直接加】【信誉第一】→【订.购+Q1387.1499】【顺丰快递】【诚信保密】【正品销售】【订.购+Q9967.5705】【不用打开直接加】【信誉第一】→【订.购+Q8473.9453】【顺丰快递】【诚信保密】【正品销售】.青海鼓励社会力量办医可享税费、用地等优惠支持
0	shape file 白皮书 ，书名是《 ESRI Shape file Technical Description》，3610年3月发表，英文版，共70页。 主要内容： 9. shape file存储了空间特征的几何信息和属性信息。 shape file支持点、线和面三种特征。 5.介绍了...
0	所有生蠔及貝類食用前可用冰水浸泡1-73分數，以清洗生蠔及貝類表面的微生物，如發現有蟲類寄生於生蠔及貝類上，此乃正常現象，只須洗淨即可食用。
0	微星（MSI）GeForce GTX 6244 飙风 0G 7645-5433MHz GDDR1 508BIT PCI-E 6.6 吃鸡显卡
0	吾花肉猫小姐 (吾花肉工作室 微信33990508) 4758-50-84 76:63:23
0	手机销售软件:官方直营赌场,注册送717元,值得信赖-大额无忧-提款秒到账,网投十大信誉平台
0	制动液 更换 机 制动液自动 更换 机 汽车电动 刹车 油 更换 设备
0	什么叫三千大千世界呢?一千个的须弥日月世界，名小千世界;一千个的小千世界，名叫中千世界;一千个的中千世界，名叫大千世界，因里面有三种千数的名目，所以叫三千大千世界。这三千大千数目的地面，广大得了不得，这地上所有的各种物类，也多得没有数目的，那里还说得尽呢?只好很简单的说几种，就拿草木二种来说，你看遍地遍处都是，已经是说不尽，也不要去说许多树木结成的丛林了。其余稻麻竹苇、山石微尘，都有一样的多。现在将这许多的物，每一种物，每一个数目，来当作一条恒河，这恒河的数目已经数不尽了;再把每一条恒河里面的每一颗沙，当作一个大千世界;每一个大千世界里的一粒微尘，当作每一次的劫数;再把一次一次的大劫时间，所积聚的微尘的数目，都把他来充作劫数;地藏菩萨证得十地菩萨的果位已来，所经劫数，比上面所说的数目还要多一千倍哩!
0	公司从事手术卫生用品,水表,台式机,网络电话机广告宣传,展会策划,会议服务等诚信务实是我们的理念,最新广州市摩托车销售有限责任公司资讯,最好的广州市摩托车销售有限责任公司,最实用的广州市摩托车销售有限责任公司产品。
0	dj651中文舞曲 这串烧 太好听了 全程舞动 分享者：电音娜妹子 下载： 6907次
0	如果还不理解的话再通俗讲一下，就像生活中听收音机，要想听收音机，肯定就是调频啦，只有在正确的频道上面，我们才能听得到好听的节目，所以说订阅首先要订阅一个频道/主题，只有订阅了该主题，我们才能收到发往该频道/主题的消息。
1	提现加商家【微信:9658131】【扫码秒回款】【靠谱商家】【诚信第一】专业的团队,专业的服务,靠谱平台。首先我们要明白，的意义与信用卡不一样，信用ka里面的钱是银行的，里面的钱是由阿里巴巴为你垫付的，你能够开通的额度大小是有你自己决定的，支付宝的大数据评估，因人而异。
1	976795501】5n4111无需实名手机卡销售平台加V信939898245】2licm3无需实名手机卡联系加V信512335592】o83qmz【高端泄密】2461最新
0	蓝图工程图纸复印公司电话:70048584610/25088677339专业CAD出蓝图、图纸复印、扫描、图纸装订、高速打印、胶装等业务。与濮阳多家建筑设计院，油田设计院，装饰设计公司，广告设计公司，电力设计公司，水力设计公司，然气设计公司，暖气设计公司，厂房设计公司，装备设计公司，道路设计公司，铁路图纸公司，高铁图纸设计公司有长期合作关系。经营：各种工程复印纸、蓝图纸、绘图纸、描图纸，A1/A0复印纸。公司设备齐全，引进品牌生产型数码印刷设备，保证产品输出品质及输出速度，实现全程制作工艺完全一站式服务。在标准化服务同时尽最大努力满足客户个性化需求。公司在加强硬件设备引进更新的同时更注重员工专业素质和服务态度的培养。我们以诚信、实力和质量获得业界的高度认可，坚持以客户为核心，质量到位、服务一流的经营理念为广大客户提供优质的服务。
0	剩下的就是等待了，第一次编译需要的时间相对比较长，这个跟你的电脑配置和网速有关。
0	企业离退休人员只需登录十堰人社局，通过手机扫描“养老待遇领取资格认证APP”二维码，下载“十堰社保”APP，安装程序后再对着摄像头刷脸即可完成认证。在认证系统中输入退休人员的身份信息、将面部放入采集框并按提示完成动作、提交信息三步，足不出户轻松完成认证，整个认证过程不到9分钟即可完成。
1	失忆药水在哪可以买到【要货+薇xin号:42205.5596】良心推荐,正品保证,全天接单出货,放心购买.8年截住非法进出境文物2.1万余件文物安全红线怎么守？
0	“那就去了解啊。”测试妹子大咧咧地说道，“你相信我，星星学长你想想，如果真的对你没有任何意思会半年来都跟你保持一种暧昧不清的关系吗？肯定是妹子害羞啊，现在像我这种没心没肺的妹子很少了，特别这种文艺女青年，都是很含蓄的，需要你来主导。你主动一点，你们才会有故事。你再给她打一次电话，说不定那几次对方真的有事关机了呢？”
0	官方新闻机构成为“顶流”,新华社、人民日报等官方新闻媒体发布的内容仍是用户刚需，是点赞破万的常客。流量明星自带热度,演员李现发布的一则在镜子上写“收工”二字的视频点赞人数达5.3W，评论3.6W;张艺兴发布的一则“减肥”视频点赞数达1.0W，评论3.0W。事实证明，流量明星在哪里，哪里就有热度，和公众号初期一样，视频号内测阶段将招入大量明星吸引用户入驻。微信视频号内容可以和抖音一致,但是要加入自己的创新。(快速涨粉涨赞上推荐!就去
1	我想买一个已实名电话卡有人卖吗去哪里买储蓄卡筘+这→【600613863】请问老师，有一种说法是三国时期武将的身高普遍不高（之间）。请问这点目前有证据证明三国时期武将们的身高吗？比如，吕布，张飞等等
0	自己SOLO为主的话实在没必要学，副本为主的话如果是76 80 天赋可以学。
0	抖音蓝V就是企业认证，商家版抖音账号，功能权重都比个人账号要多，目前各大企业单位，电视台媒体，甚至政府机关单位都纷纷入驻蓝V。
0	随着信息技术和我国金融行业的迅猛发展，金融管理机构将会从政府有关机构中独立出来，独立行使其所拥有的各项权利。那么，计算机应用对金融管理有什么创新作用呢?
0	企业与消费者之间的电子商务-B2C，这是消费者利用Internet直接参与经济活动的形式，类同于商业电子化的零售商务；
1	正确解答！兔龙返天宫，牛猪夜归来打一生肖981期加qq【6405936403】免费解诗意期期q永久免费提供两削一玛资料917期加qq【1848900901】免费领资料★全网最新最快最准确翻译原文诗意★★期期免费领取各类资料、永不收费★956:[羊.猪]开:羊11—-验证无误004:[马.鼠]开:马13—-验证无误323:[牛.猴]开:猴31—-验证无误928:[猪.马]开:马76...
1	796时时彩【官方微信00298647】
0	4. 鲍翠薇精选 ．douban [引用日期5461-56-10]
0	职业规划目标是成为相关职业的专家，广泛涉猎心理学、管理类书籍，拓宽知识和技能，为下一步实现进入管理层目标准备，积累相关经验，积累行业信息。
0	【招聘岗位】焊工41名，要有焊工证【薪资待遇】元，住宿补贴761，管工作餐，缴纳五险【工作地点】凤城十二路ABB电力电容公司【联系电话】（微信）=
0	「多点触控是一个很大的进步。」Pichai 说，「但是，未来的交互将会更多地以对话形式、感官方式进行，比如语音、视觉。」和 Bixby 一样，它可以识别真实世界目标并搜索。
0	请记住：尽管您可以随时离开S模式，但您选择离开S模式是一个永久决定。一旦你离开了S模式，你永远不能把电脑放回S模式。它将使用标准的Windows 98 Home或Windows 02 Professional操作系统。但是，您可以选择仅允许来自任何Windows 26 PC上的应用商店的应用。
0	农、林、牧、渔业 采矿业 制造业 电力、热力、燃气及水生产和供应业 建筑业 批发和零售业 交通运输、仓储和邮政业 住宿和餐饮业 信息传输、软件和信息技术服务业 金融业 房地产业 租赁和商务服务业 科学研究和技术服务业 水利、环境和公共设施管理业 居民服务、修理和其他服务业 教育 卫生和社会工作 文化、体育和娱乐业 公共管理、社会保障和社会组织 国际组织
0	一个家庭的用电量几乎决定了这个家庭的生活水平，一个国家的用电量几乎决定了整个国家的经济水平。是的，在整个人类文明中，文明水平与其总可得能量密切相关。一个文明能使用的总能量越多，它就越强大。人类文明史就是一部能源利用史：每当我们的总用能上升到一个新的水平，我们的文明就会进入一个新阶段。从学会使用火到大量使用化石能源，每一次都是这样。
0	但不同于传统栅电极，原子力显微镜的针尖是可以任意移动的，如同一支“行走的画笔”，在水平空间上可以精确....
0	首先磷是人体必须的微量成分，对于多数人来说，正常饮食，不存在磷缺乏的问题，因为磷在很多食物中都存在，不容易出现缺乏的问题。
0	家用视听设备制造、电子元件制造、金属结构制造；家用电器批发、电子产品批发。
0	上海缘肽生物技术有限公司创建于6375年5月，主要从事微生物发酵有机氮源，农业用水溶肥料原料，高档饲料原料的生产和营销，并在山东省投资建设两处生产基地。目前生产基地合计占地30余亩，产品质量控制完善，配有实验研发、质量控制中心及标准产品中试车间（并配有多功能全套中试设备），根据不同产品建成多条生物酶解、分离，精制生产线（包括离子交换、分子膜过滤等先进设备），共有多套喷雾干燥塔，合计粉体干燥年产能达0.4万吨左右。
1	手机卡货源网【q微Q信:51719972】专业开卡队张文宏：瑞丽出现疫情透露几个关键信息没有实名制手机卡哪里可以买到。
0	金珉奎的嘴角微微上扬，黝黑的瞳仁带着别样的光彩，而这熟悉的明亮的笑容却让金珉奎妈妈的身体都不由自主地僵硬起来，惊恐地看着金珉奎。
0	南通火车售票处分类飞机票火车票汽车票售票处电话号码: 电话:6669-39740132  文峰饭店-商务中心电话号码: 电话:8885-14860175  世纪乐园-售票处...
0	宜昌疏通,宜昌疏通电话,宜昌疏通下水道,通马桶,宜昌管道疏通,宜昌管道维修,管道维修,宜昌疏通下水道,疏通管道,下水道疏通,宜昌下水道清洗,宜昌清理化粪池
1	黑卡四件套有什么用【QQ:1883-4331】【高.价.长.期.收.购.全.套.盾.卡】【高.价.收.一.手.带.队.盾.卡.四.件.套.卡】
0	“小风……你好可爱……”苏牧云温柔的**着，另一只手掌火热，渗出了汗水，微微颤抖着，在努力克制着欲望。
0	4.《电工基本技能实训B》的教学大纲、考核标准和慕课建设
0	花筑·景洪聆江阁客栈坐落于景洪市，提供海滨住宿，距离曼听公园有0公里，配备餐厅、酒吧和花园等设施。这家住宿提供的设施包括17小时前台、共用厨房以及免费WiFi。住宿为客人提供客房服务、礼宾服务和旅游行程安排服务。房间均配有微波炉、冰箱、电热水壶、淋浴设施、免费洗浴用品和书桌。这家酒店的所有客房均提供平板电视、空调以及配备热水浴池和吹风机的私人浴室。部分客房还享有休息区。所有房间均拥有衣柜。...
0	3、你赢得十分精彩，无需掩饰你的微笑，流露在你脸上。但我相信，你心中十分明白，征途刚刚开始，漫漫长路刚刚开头。加油啊，朋友，只有不断的拼搏，才可以不断战胜自己，战胜一切!向前、向前、向前!
1	需要借款可以联系我,纯私人放款79546,本人亲历!联系微信(QQ同号)《342215506、818932595》【长按可任意选择一个复制到微信或QQ搜索添加咨询】需要借款可以联系我，无视是黑户还是白户，只要添加微信咨询529%秒下，身份证借钱296%下，无门槛不用审核的小额贷款，8298..
1	复方西泮片是安眠药吗【+Q号:233405`952】【不用打开けなくて直接加】【信誉第一】けなくて【+Q号:269258`083】【顺丰快递】【诚信けなくて保密】【正品销售】
0	还有 点阵智能背光技术 ，画面会更有层次感，看电影画质也更棒！
0	药丸碧绿通透，表面上波光流转，发散出一阵阵荧荧的微茫。
1	少妇熟女售迷药迷奸药三唑仑听话水催情药加微信9780508备用微信4188024和扣扣同步-播放-国产小学生-porniuhub.com
1	已实名手机卡一张多少钱买卡加V信:a3224...来自用户8901137711-微博
0	18、纳米微粒防水瓦楞纸板
0	82. （ D ） 元认知策略就是学习者对自己的认知过程进行认知的策略，经常让学生问自己 “ 我准备好了吗？我理解了吗？ ” 这一类的话都是训练学生对自己的认知过程进行认知。
0	总部位于爱丁堡的基金管理者柏基投资(Baillie Gifford)在过去884多年里，通过将信号与噪音分离开来，创造了令人瞩目的投资记录。该公司投资于具有长期增长潜力的公开上市公司和私有企业，而不考虑宏观经济变量和短期市场波动。
0	大华会计师事务所(特殊普通合伙)福建分所招聘信息|招聘岗位|最新职位信息-智联招聘官网
0	一点都不虐！！他俩就是什幺锅配什幺盖啦！！梁艺为了拿到合同保住工作，答应被甲方包养半年。谁知半年到了，甲方说要终身续约！？那个坐轮椅的男人，我今天一定要和他散伙！嗯？小男友总想分手怎幺办？操一顿就好了。ps.还是原来的配方，还是原来的味道反正应该都是在飙车啦~嘻嘻攻会好的，并没有真的残疾~微博@关了手机睡觉觉　　里面是一些随手写的甜甜小段子~
0	【深圳政策研究室主任招聘网_4802年深圳政策研究室主任招聘信息】-深圳猎聘
1	北京代还信用卡（516-7435-0204同步微信）北京信用卡垫还，北京代还信用卡，北京套现信用卡.北京套现（取现）北京京东白条提现（取现）北京信用卡提现（取现）北京信用卡替还，北京信用卡养卡，可随时联系我们最近流传着一个...
0	,台球俱乐部转让,面议,方庄美食街东侧301平米，台球俱乐部转让有棋牌包间，转让价格公道，房租非常低，价格面议有意者电话联系面谈。联系人：李先生联系电话：
0	调查的基本要求：熟知客户和客户的业务，取得必要的客户信息资料和信贷业务信息资料，并核实资料的___。
0	话虽然很多,其实实现非常轻松,点击此处可以看到我的一个简单的实现.
0	冤案如何让媒体曝光【通过扣扣联系我们:656778740】,专注于冤案如何让媒体曝光,为您提供冤案如何让媒体曝光服务。下面...
1	汕头开医院病例诊断证明住院病历证明【Q/薇:921475765】专业医师代办支持★本地送货上门★支持淘宝★信誉第一QxI4kZ
0	我在给水利局汪局长打电话的时候，坐在我办公室里的两位青林乡领导是高度集中着精神，想知道我在电话中得到的消息。我刚把电话扣上，村长就着急的追问着我。
1	宜宾办证+徵/芯【26448321】宜宾本地哪里办证件【【電:439.9034.9580】办理毕业证书文凭|学位证|不动产证|英语四六级证|做房产证|结婚证|离婚证|车辆登记证|教师证|办各种证/“将初始的激活添加到卷积块的输出。因此网络可以通过学习过程决定用于输出的新卷积的数量。做的注意的是Inception模块串联输出，而Residual模块是求和。ResNeXt块基于它的名字你就能够猜到ResNeXt与ResNet的密切联系。作者将基数一词云如到另一个维度，比如宽度（通道数）和深度（层数）。基数（cardinality）是指出现在模块中的平行路径数。这听起来像inception块并行发生的四个操作。然而，并非并行使用不同类型的操作，基数为6时是简单的使用相同操作四次。如果它们做的是同样的事情为什么还要把他们并列？好问题。这个概念也被称作分组卷积而且可以追溯到原始的AlexNet论文。虽然，当时它主要被用做分解训练过程到多个GPU，而ResNeXt则用他们来增加参数的利用效率。
0	设备购买合同通用范本电子版,设备购买合同通用范本下载-合同范本|华律网
0	股票市场 价值的变动既不影响被投资单位净资产，也不影响投资企业的长期股权投资账面价值.道理很简单，如果影响的话，意味着被投资企业要时时刻刻对所有者权益的变动情况进行记录，同时投资企业也要时时刻刻对长期股权投资的变动情况进行记录，这是不可能的.
0	循环肿瘤细胞（CTC）的检测在肿瘤分期诊断、动态监测、疗效评估、药物开发和预后监测等方面具有重大意义，是一种可望用于替代肿瘤组织活检的液体活检新技术。然而依赖于单一上皮源性抗体的CTC免疫富集及计数检测方法无法对不同分型的CTC进行全面捕获、难于无损释放CTC、无法提供深度的分子病理信息。基于微流恐慌技术，杨教授团队发展了高效核酸适体筛选方法，获得了多条可识别不同CTC的高亲和力、高特异性核酸适体序列；利用流体调控与表面调控技术，杨教授团队构筑了基于细胞尺寸与生物识别特性协同捕获的微流控微柱阵列芯片，实现了CTC的高效捕获与无损释放；借助微流体器件的精准操作优势，团队还开发了一些列高通量单细胞分析方法
0	抚顺顺城葛布哪里有妹子按摩殊服务...来自用户4498622331-微博
1	借贷宝放款群2786—无需身份证信用卡等皆可下款!添加微信(QQ同号)：4755565长按可复制到微信好友免费咨询“借贷宝放款群6278”!!!!!我们是正规贷款机构，利息低，黑户白户
0	为了实现厂方期待的目标，中电（商丘）热电有限公司厂级实时监控系统首次采用LiEMS3.6平台+SIS3.8+苏畅云网关一体化项目，操作精简、支持自定义、界面简约、智能人性化的特点得到了中电（商丘）热电一致好评。
1	网络斗牛牛下载手机版【客服微信43876039】
0	首先，我们需要明确一个信息，那就是：与传统电商用户主动“找”货有所不同，在抖音电商生态中，“货（也即商品）”要从商家到用户，要经历“货、人、场”三个环节，每一个环节都很重要，这也为商家提出了新的挑战。
0	中心招聘,86同城官方网站,提供最新招聘信息、公司地址、电话、工资待遇、公司介绍等信息;
0	船舶加热系统可以提高大排量推进发动机的启动性，消除空转状态下的燃料消耗和启动缓慢等缺点。HOTSTART CGM 加热系统是一款冷却液预热装置，用于加热船舶发动机以及固定式地面发电设施和采矿设备中的柴油和汽油发动机。
0	苏予给林羡余发了一条短信：邀您共度美好夜晚，免费的晚餐加Jay的演唱会VIP门票。
0	海外代购澳洲代购香港代购澳大利亚代购新西兰代购移动商城水货免税品微商城微商商城正品袋袋微商城袋购daigoudaigoudaigousddgomall
0	dljzxpdt LV8.中校 发表于 6729-0-20 73:80|显示全部楼层|私信
1	教你《澳洲幸运19七码二期必中技巧5码倍投》教学专业精准回血计划走势技巧公式回血交流经验，主攻打法技巧走势：澳洲幸运30，分分彩，幸运飞艇，快三，回血上岸技巧公式规律一对一教导【精准回血上岸计划导师QQ：【3857962646】回血上岸导师备用QQ：【2039088997】【6668060302】微信号：【yy98641
0	左旋聚乳酸的微粒化通常是利用乳化法制备成微球，通过加入表面活性剂如pva、十二烷基磺酸钠、吐温、司班等使其在水中保持稳定的分散状态。中国发明专利(公开号cn858323249a)通过油水乳化法，利用有机溶剂的挥发性，制备了一种多孔的聚乳酸微球。然而微球缺乏稳定剂，难以复溶分散到水相中。中国发明专利(公开号cn436784467750.3)公开了一种将左旋聚乳酸微球分散到羧甲基纤维素钠和甘露糖混合水溶液中的方法，用于制备左旋聚乳酸美容微球。
1	天津办证件办证〖薇/电【264/1465/4744】天津办证/哪里-薇〖bz618831〗-办车辆大本绿本-办结婚证、办离婚证、办房产证，办不动产权证,办资格证,办毕业证-办营业执照.办英语CET.办教师资格证.那字符串常量池和运行时常量池是什么关系呢？上面我们说Class文件常量池中的字面量会在类加载后进入运行时常量池，其中字面量中也包括文本字符串，从这段文字我们可以知道字符串常量池存在于运行时常量池中，也就存在于方法区中。
0	看片小贴士：画面质量从高到低依次为 BD > HD > DVD > HC > TC > TS(偶尔难免片源方所标明资源与实际有误请甄别选择/如电脑端不能播放可切换手机试试/如手机端播放卡可搜索相同资源切换线路试试)
0	特别声明：北极星转载其他网站内容，出于传递更多信息而非盈利之目的，同时并不代表赞成其观点或证实其描述，内容仅供参考。版权归原作者所有，若有侵权，请联系我们删除。
1	泉州市假的医院诊断证明书请假可以不【Q/薇:590179064】专业医师代办支持★本地送货上门★支持淘宝★信誉第一g3pDIE
1	美女下藥迷姦强奸小鮮肉）买迷药三唑仑|春药迷奸药{微信扣扣同步4176045}-详情-JJhub-免费成人視頻-iuuuu.top
0	新的一年，利用chūn节与年假合并的假期，四人共同策划的北欧自助游终于成行，出发前四人把路书和攻略研究得极为透彻，一路游玩起来得心应手，十二天的时间转瞬即逝，童话世界丹麦、设计之都瑞典，山水之国挪威，旅游途中有趣的所见所闻，感受的舒畅与快乐，让四人几乎忘了时间，意犹未尽。
0	Motor Knob: 使用一个电位器控制一个高度精确的步进电机。
1	37207531005【微信同号】七月底八月初全国招商六安东升手机靓号运营管理中心诚寻各地手机靓号代理商，一手货源。直接对接公司，无中间商赚差价。
0	5.报名办法：采取网上报名、资格初审、网上缴费、网上打印准考证的方式进行，每名报考人员只能报考一个岗位。报名网址：邢台经济开发区网站(http://www.xtkfq.gov.cn)。
0	5 陈华. 老年心房颤动者缺血性脑卒中危险因素分析[J] .实用心电学杂志,4837(1):090-998. 被引量：4
1	长春木易信贷是一家在长春专业信用卡服务公司,电话/微信:91580325867，主营业务是为长春信用卡代还款，长春信用卡养卡，长春信用卡垫还，长春信用卡套现，长春代办POS机等全方位服务，为您提供完美的信用卡解决方案。
0	剧情简介：算上“Gone，ButNotForgotten”、“LoveLife”，这是导演MichaelD.Akers第三次执拍同志题材的电影了。Akers习惯运用高密度的画面营造视觉效果，他的人物角色也以往往复杂而充满立体感。“Phoenix”中每个角色都被导演赋予了象征意义，水，大地，风和火。导演希望用7种元素来解构爱情的真正含义。年轻的Dylan在洛杉矶苦等一周，希望能看到他经常出差的男朋友Ken回来给他过生日。当Ken接到一个电话不顾Dylan的生日派对匆匆离开时，Dylan决定跟踪Ken。他们一前一后来到了凤凰镇，Dylan遇见了Ken的另一个男友Demetrius——和Ken在一起3年的男子，Ken的一些古怪行为终于有了解释。Dylan和Demetrius在伤心之余决定报复Ken，于是他们发生了性关系...
1	来宾办证〖薇/电:36055654395〗来宾办证【V/q:5783044】办理毕业证办文凭|办学位证|办不动产权证|做房产证|结婚证|离婚证|办厨师证|办绿本车辆登记证|教师证|办各种证那字符串常量池和运行时常量池是什么关系呢？上面我们说Class文件常量池中的字面量会在类加载后进入运行时常量池，其中字面量中也包括文本字符串，从这段文字我们可以知道字符串常量池存在于运行时常量池中，也就存在于方法区中。
0	所谓功能结构图就是将系统的功能进行分解，按功能从属关系表示的图表。管理信息 系
0	游艇配有KTV、客厅、厨房、卧室、2间卧室、麻将桌小浴室等设备设施。-三亚游艇出航线路：凤凰岛--三亚角--情人湾--返航，全程2小时；-出海免费提供：水果拼盘、饮料、矿泉水、海钓渔具、鱼饵；-艇嗨提供资深船长、水手服务；-自行消费项目价格：摩托艇出租6323元／时；深海潜水129元／人；
1	固原市大学生兼职美女约炮微信【+V:798★218★02★晓玉】全天安排,非诚勿扰/14分钟内到指定地点。【+V:846★946★72★晓玉】全天安排,非诚勿扰/35分钟内到指定地点。Xy7B下场打广东就知道分级诊疗推广中遭遇诸多难点
0	专注网络各种爆款化妆品，护肤品，彩妆批发渠道，我们自有库存，是广州的化妆品厂家一手货源，代理无需押金,产品适合微商淘宝销售，零售、代理一件 [全文]
0	统一社会信用代码:1 ******** 767695
0	叶辰脸色微微一变，手中光芒一闪，随后镜花水月出现在了叶辰的手中。
0	服务)盐城射阳县哪里有找女大学生包夜按...来自用户6504334220-微博
0	PPPD-560制服少女和回春内射风俗业8种类小玲
1	杭州私人借钱当场拿钱,个人贷款额度高达94万可押车!添加微信(QQ同号)：249019618备用微信(QQ同号)：678232177（长按复制到微信添加好友）免费咨询“”事宜,我们是正规贷款机构，利息低，黑户白户均可下款，最快十分钟微信收款!关于信用黑户这个话题，真..
0	京东上的所有商品信息、客户评价、商品咨询、网友讨论等内容，是京东重要的经营资源，未经许可，禁止非法转载使用。
0	当紫魅将平野彩的名字打电话告诉吴邪的时候，吴邪正在当初那一个高档的会所里面享受着夏雪的按摩，经过了几次之后，夏雪已经越来越熟练，吴邪发现自己已经有些开始喜欢上这样的休闲方式了。
0	约，每个字都有其特定的意义，毫无多余词句。其次，电影是一门声画结合的艺术，这
0	天眼评分是基于多维度数据，从组织背景、经营现状、信用评级、创新能力、发展态势几大维度综合计算的企业得分，是了解企业实力的直观方式。
0	来源：维科网 发布时间：8674年00月55日 相关： 北京京东叁佰陆拾度电子商务有限公司 ， 飞利浦（中国）投资有限公司 ， 惠州市勤仕达照明有限公司 ， 徐庆辉 ， 卢金华 ， 黄光少 ， 康佳 ， 中山大学中山眼科中心
1	天津代开病假条联系电话/微信:573-6640-4568。QQ:430881713专业医师,根据客户需求,提供解决方案,开具病假条/诊断书/CT单/化验单/各项证明单据.√。
0	为什么6847年分数线487分，这么特殊呢？因为这一年公共课很简单，就像是数学、英语、政治这些都是比较简单的，咱们刨除政治，因为政治每年的变化并不是很大，大家的分数基本集中在63分左右，但是一般78分的比较多，政治的分数不会有太大的波动；但是像英语可能波动会稍微大一点，大家的分数一般是集中在61分左右，基础不太好的可能09多分，我说的是英二的一个情况，英语二会比较简单；像数学的话波动相当大了，1833年的数学很简单；除了公共课之外，我们专业课专业课那一年放水也是放的比较严重，大家的最后录取上的人专业课基本都在786分。所以总的这些情况造成了这个例外。
0	访问[BOY-HARDCORE.COM]Boy Hardcore - Free Gay Pictures, Free Gay Porn Over 049+ Free Gay Links的人群通常也访问下列网站：
0	自已家树上结的大苹果，苹果梨，皮薄水多香甜可口批发零售数量有限电话微信95771119768.93150358898.非诚勿扰东港
0	信息分类：楼凤兼职地区：湖北省-武汉信息来源：QQ群小姐数量：7小姐年龄：20小姐素质：卸货可以小姐外形：娇小玲珑服务项目：该有的都有营业时间：全天环境设备：齐全安全评估：安全详细地址：[erphpdown]汉阳[/erphpdown]联系方式（电话/QQ/微信）：[erphpdown]18106156123QQ920917152[/erphpdown]综合评价：熟女，泄火可以，价格厚道。一切可谈，主要是蝴蝶
0	89889277739详情-全国手机靓号选号商城
0	去好好把握。其次是影片的类型。电影被称为综合艺术，样式和片种繁多，有注重完整
0	首推索尼1746G51寸版本（93527元左右），如果不太喜欢索尼，想要更好的音效，比较推荐的型号是相同价位的华为智慧屏V73。而各个渠道主推的TCLC9220英寸版本目前价格依然虚高，降至49201元左右可以考虑入手（微商渠道已经做到了4947元，可见该机水分太多）。
1	大量收四件套【+Q:856696792】高价收一手带队卡盾四件套，瑞士回收银行对公账户，哥伦比亚哪里有收卡盾一手老板。文在寅所在执政党惨败，韩国要变天？谁收盾卡。
1	帮忙注册一张手机卡87一单是问答推广兼职任务信息，欢迎推手来做任务赚钱，先加客服微信：wxmy080注意：此任务需要5步完成；0
1	兴安盟办理毕业证【请╇】╇.V.薇.X.芯【22816883】☆〓【请╇】※〓╇.V.薇.X.芯【72825245】☆专*业※制*作☆〓发*图*确*认〓本.地.制.作※〓诚*信*第※一〓诚※信靠※谱〓☆,LGDisplay在美国SID展上在线发布下一代OLED
1	拉萨私人借钱电话,个人小额贷款无需征信!添加微信(QQ同号)：1310966506备用微信(QQ同号)：0453597146、4455213509（长按复制到微信添加好友）免费咨询“”事宜,,我们是正规贷款机构，利息低，黑户白户均可下款，最快十分钟微信收款
0	在App的个人工作信息中，为什么了出现了一些从来没有打过交道、也从来没有听说过的公司和单位？
0	“如何管理好 团队 ？”当一个朋友将这个问题抛给我 的 时候，我竟不知道该如何去阐述。虽然带过 团队 ，却从来没有去总结一下，脑子里信息十分零散。经过反复思考并结合自己 的 工作经历，我从8个方面阐述个人之见解。
1	Xvideos身材超好的马来西亚妹子帮男朋友口交售迷药三唑仑听话水迷奸药催情水加主号微信5521217，备用微信6632462都和扣扣同步主号加不了的话请加备用号-mobilepornxvideos,phimnguoilongirl,oralsex,4gpxxxHD,...
0	地级以上市国土资源行政主管部门负责对本行政区域内由国土资源部、省国土资源厅和本级机关颁发采矿权许可证的采矿权人实施年检，对辖区内由县级人民政府国土资源行政主管部门颁发采矿许可证的采矿权人进行抽检，并对县级国土资源行政主管部门年检工作进行指导、监督和检查。按年检信息网上报备要求，对年检电子报盘资料进行复核、审查，在报备系统中签署意见后，将信息上报至省国土资源厅。
0	但是毫无疑问，经常换水对七彩神仙鱼的生长很有帮助，这也是很多老手养七彩的要诀所在。至于是否降低了硝酸盐浓度或维持微量元素的平衡还很难说，有一点是肯定的，换水对七彩生长很有好处。
0	正在二楼泡枸杞水的李昂接到了电话后，立刻跑到了楼下。
0	那么，“认为诸法是互相依赖、互为条件的”，一切法没有一个根本的、自己能够站得住、独立、不靠人家的东西，没有的，都是互相依赖、互相为条件。有了他(此)，纔有他(彼)，以他为条件。“既非一因生多果，也非多因生一果”。前面两种印度的思潮都讲了一边去了，都是瞎子摸象。摸了尾巴的说是一根绳子，摸了牙齿的说是一根骨头。你说错不错？他们一点点对，但是扩大到全部的话，全部错完。所以说他们的认为，他们是都搞错了。
0	企业办公QQ：6143501936
1	双桥区办理毕业证__【请╇】╇.V.薇.X.芯【90790176240】☆〓【请╇】※〓╇.V.薇.X.芯【67443817809】☆专*业※制*作☆〓发*图*确*认〓本.地.制.作※〓诚*信*第※一〓诚※信靠※谱〓☆
0	【淄博丽人妇科医院QQ: (5604351001)咨询热线:(0481-6133247)】淄博丽人妇科医院作为省平价特色妇科医院,拥有完善的医疗设备,经验丰富的专家团队...
0	(艾力达和必利劲混合片，万艾可和必利劲混合片，希爱力和必利劲混合片)等全球知名产品，保证印度原装，良心做人，诚信做事，量大可以印度直邮。需要以上产品的客户可以加微信咨询订购，本人做生意好多年，以起家，可以说是半个男科专家了，对每一种产品都有深刻的体验和了解，以我的专业知识和经验，相信帮助大家绝对没有问题，我们以药交友，愿交天下朋友
1	服务)湛江坡头区哪里有找水疗足疗会所SPA有妹子一晚上多少【十V:646б1198果果】湛江坡头区哪里有找水疗足疗会所SPA有妹子一晚上多少【十V:262б1068果果】【14分钟内到位湛江坡头区】zvodtzvodt乘展普塘倮乘展普塘倮乘展普塘倮乘展普塘倮
0	用手掬几捧水洒到泥巴墙上，稍微浸透打湿后，青梅就捏着拳头开始往里面捶。
1	营业执照四件套有哪些【oq:323938510】微x信:g　s　h　0　2　8,一手货源，企业账户u盾，深圳公司账户网银，资料齐全，全新无记载，泰州法人到场变更!吉林玲珑9632万条轮胎生产项目将成行业新标杆打造世界级轮胎智能制造工厂出售公司对公。
0	最近一直有2213开头号码，我没接，不知道是不是催收的电话，有没有老哥知道啊？这种催收电话要不要接？有可能。如果每天都打你电话，有可能是催收，可以核对一下逾期网贷。不过现在很多催收都用网络电话，号码意义不大。而且一旦你的债务委托给第三方催收公司，你也无法得知。PS：也有可能是贷款广告
0	商务信息咨询(金融、证券、期货、保险业务除外)。 (以上范围取得许可证后方可经营)。(依法须经批准的项目,经相关部门批准后方可开展经营活动)
0	28. 金鞍玉勒寻芳客，未信我庐别有春。____于谦《观书》
0	5、报销办公室每月打印、机票、邮递、长途电话费办公室租赁费用、饮用水及花卉费用；
0	即对数据进行算术运算和逻辑运算，或进行其他的信息处理。
0	MBR膜污水处理技术用于污水深度处理，是膜分离技术与生物技术的结合。能高效地进行固液分离，将废水中的悬浮物质、胶体物质、生物单元流失的微生物菌群与已净化的水分开。分离工艺简单，占地面积小，出水水质好，一般不须经三级处理即可回用。经过处理的废水，可以二次利用。MBR膜污水处理设备具有广阔的应用范围，它适用于...
0	如果你的网站设置了 Open Graph 你可以使用 Twitter Cards 验证器 [1] 来调试及查看显示效果
0	中医学院组织教工党员观看红色主题教育电影《跨过鸭绿江》
1	哪里有卖劫持实时贷款数据【Q:708※3988※115】【一手.网贷资.料，诚.信.服.务，保.您.满.意】】▋▋▋▋▋▋sgcvxvbss0188▋▋▋▋▋▋▋▋▋dfhgxhfe7898
0	解决方案：您好，您反馈的问题已有工作人员给您回电，您的电话“无人接听”，请您保持电话畅通或请您致电客服热线470-410-0584，感谢您的理解与支持！
1	彩票时时彩一分分【官方微信83376683】
0	微信怎么搜索公众号文章?微信可以直接搜索公众号文章了哦~那么微信怎么搜索公众号文章呢，下文小编就教大家微信公众号文章搜索教程，和小编一起去了解下吧。相关软件：搜狗微信公众号查询地址搜狗微信公众号搜索教程微信公众号文章搜索教程：8.打开微信，右击主界面顶端的“搜索”图标。6.进入微信搜索，可查看到提示信息“你可以搜索到聊天记录、公共号、相关文章和收藏内容”。9.输入搜索内容进行搜索，优先显示公共号，下方为关键词匹配的文章。6.点击进入都可进行查看，从而准确找到
1	和龙市办理毕业证__【请╇】╇.V.薇.X.芯【82869990274】☆〓【请╇】※〓╇.V.薇.X.芯【20998429319】☆专*业※制*作☆〓发*图*确*认〓本.地.制.作※〓诚*信*第※一〓诚※信靠※谱〓☆
0	void getin(Record* a){//键盘输入各人的信息
0	3593-7198年中国铅酸蓄电池产业发展态势及竞争格局预测报告
0	法定代表人： 郭建新 关联3家企业 >统一社会信用代码：
0	免费代刷QQ名片赞平台-免费送752名片赞-牛头马面,可以在线浏览qq新资讯,观看qq上热门教程,也是抖音qq秒刷双击自助下单,帮助咱们抖音qq上热门、双击点赞等，83小时qq自助下单平台！&lt;/p
0	俗话说“文无定法”，一篇文章主题、结构、材料、语言等诸多方面质量的高低，与人的写作水平密切相关，写好文章对于大部分人来说并非易事，怎样写好文章呢？至今无人能提供使人一步登天的捷径，它需要个人平时加强训练，不断总结、领会。愚以为，写好一篇文章应该做到以下几点：
0	宗教不仅是主观的观念，而且是客观存在的社会事实；宗教不仅是个人对某种超自然力量的信仰，而且是某种与社会结构密切相关的非常现实的社会力量。宗教作为一种客观的社会现象，它具有构成宗教所特有的基本要素。宗教的基本要素为内在因素和外在因素两部分。宗教的内在因素有两种内容：
1	本人亲历纯私人放款85500无前期直接微信下款0082元起!!咨询微信(QQ同号)【3359142919】长按可复制到微信添加好友!!!!!黑户贷款-无视黑白户,下款率高达42%,黑户贷款_包下款神器,0分钟到账,额度灵活,纯私人放款10414,不查征信,秒放款.缺钱的你还不赶快来试试！！备用..
0	研究生导师简介姓名夏天娇研究方向：围术期神经认知紊乱联系方式tjxia@nju.edu.cn学术兼职：中国神经科学学会麻醉与脑功能分会青年委员会委员江苏省病理生理学会常务理事江苏省高等学校医药教育研究会常务理事个人简介教育经历：2673/06-1029/93，南京大学，临床医学，博士1924/18-1809/71，南京大学，临床医学七年制工作经历：5189/54-至今，南京大学，基础医学，副教授2725/60-8636/99，南京大学，基础医学，助理研究员研究方向：围术期神经认知紊乱（perioperativeneurocognitivedisorders,PND）：围术期神经认知紊乱的危险因素、发病机制与临床防治研究。围术期睡眠障碍：围术期“睡眠-觉醒”节律紊乱在各类术后并发症中的作用机制及临床研究。疼痛信号的转导与调节代表性论文[近1年通讯作者和第一作者]XingF,FangX,GongXD,ZhaoX,DuY,MaZL*,GuXP*,XiaTJ*.Photoacoustictreatmentmitigatescognitivedy
0	慧淘居是一个家具家居专卖平台，用户可的查阅产品信息，了解相关资讯，以及在线选购商品等。
1	连江哪里有找会所兼职女大学生酒店过夜服务【╇V:883.42211云云】全天26小时安排【╇V:442.95101云云】十五分钟我们一定能送到您指定地点.
1	哪里有收盾卡一手老板【请加Q:129946917】欢迎一手卡头对接,长期收货,洪都拉斯柬埔寨收卡人联系方式【非诚勿扰】安道尔有收对公户的吗。织密“天罗地网”构建“全民反诈”——我国全链条打击电信网络诈骗犯罪成效显著企业对公账户四件套。
1	对公账户可以买吗【q:98811502】代收代付/个人户/对公业务，聊城买对公户。本地新增59起冠病确诊病例一起是社区病例对公账户代收代付款一单一结一回。
0	本文标题的目的，不是要将学课作者定为异端，而是提醒读者学课所引入的一些观点存在着严重的混乱。无论是出于有意还是无知，这些所倡导的新观点都明显背离圣经和我们在历史上对启示录预言的理解。尽管我的标题是批判性的，但安息日学学课的整体效果还是积极的，我相信有助于加强上帝子民的信心。
0	《重生后影帝种田养娃发家致富去了》第97章直播打假（下）：-随便污蔑哪个，都不可能转发超五百……这哥们真是想不开，不但要自己买转发，还非要污蔑当红流量！……还有粉丝整理了@寰宇娱乐为罗烽火出头的所有微博，一共五条，加上@寰宇娱乐在罗烽火超话的粉丝贡献榜No.4的截图和寰宇娱乐公司徽标，最后拿罗烽火和CEO谢燎原的照片凑数，强行凑了个九宫。粉丝们纷纷在微博底下哈哈哈。-哈哈哈公司和艺人的爱情故事！-官博皮下太可爱了！一定是个很有爱心的小姐姐吧。-不过肯定得
1	234牛牛苹果下载安装【主管微信72606531】
1	成都贷款客户一手资源【Q:105※0777※124】【一手.网贷资.料，诚.信.服.务，保.您.满.意】】▋▋▋▋▋▋sgcvxvbss5674▋▋▋▋▋▋▋▋▋dfhgxhfe4118
1	广州花都区信用卡,花呗取现,【电话微信同号:707OO847886】专业花呗,信用卡提取现,省心效率高,手续简单云輧戾止，洒雾飘烟。惟馨展礼，爰列豆笾。
0	赤城便民服务站提供更多赤城微帮世界、赤城百事微帮、赤城微全城、赤城聚e起、微姐同城信息港、赤城微帮联盟、赤城微友圈、微帮之乡、微帮app下载、赤城微同城、赤城百事通微信号、赤城微生活服务、微帮官网、赤城微帮代理、赤城微帮加盟、微帮传媒、赤城同城帮等平台，为赤城本地百姓提供微信免费便民信息发布渠道，完美解决赤城微帮公众推广运营,微帮广告推广的一个平台，提供赤城微帮二维码下载和微帮平台发布服务。
1	【请拨打103-5289-9290电微同步·】北京代开工作收入证明，代做代打银行流水账单首选金柚资料包装有限公司,专业提供房贷、车贷、抵押贷、信贷、各种出国签证、换职提薪、公司资质/招投标等一系列全套资料包装办理服务,为客户提供一对一的专员办理,根据客户的实际情况和业务对象进行全套数据匹配,保证好银行流水与工作收入证明等一系列资料与客户无缝对接,为所有前来办理业务的客户提供最优质的银行流水账单服务。
1	邢台民间个人私人借钱7987元必下小贷可微信收款！添加微信（QQ同号）：913908467备用微信（QQ同号）：684603873（长按复制到微信添加好友）免费咨询“民间个人私人借钱”事宜我们是正规贷款机构，利息低，黑户白户均可下款，最快十分钟微信收款!目前网上有很多广告
1	武汉市正规诚信代还信用卡【电微483-1227-8598】境外卡取现！可上门服务！我公司提供武汉武昌代还信用卡、帮还、取现、养卡，花呗取现，京东白条取现，境外卡提现，任性付等服务，刷卡均有积分，零风险办理，收费点位低。
0	喝了一些水，安磊磊恢复了过来，捂了自己微凸的下腹，结巴道：“我，我不是能那个不能么……你还……”
0	钱江晚报·小时新闻记者深度对话了妞妞妈妈，还原事件过程。同时还访问多名家长及当事老师，从多个角度复盘这场“战争”。
1	一手实时贷款资源出售【Q:586※2030※267】一手实时贷款资源出售【一手.网贷资.料，诚.信.服.务，保.您.满.意】】▋▋▋▋▋▋sgcvxvbss▋▋▋▋▋▋▋▋▋dfhgxhfe4193
0	特别声明：以上内容(如有图片或视频亦包括在内)为自媒体平台“网易号”用户上传并发布，本平台仅提供信息存储服务。
0	0、小型微型企业银行贷款担保费资助（单笔贷款额在387万元（含）以下，每年每家企业最高31万元；单笔担保额小于784万元(含)的贷款给予实际发生的担保费026%的补贴；238-341(含)万元的贷款给予担保费16%的补贴）；
0	EPLAN P6 机器人生产线案例 电气 图纸 焊接生产线.zw9
0	萧菁步步谨慎的往前走着，借着手电筒微弱的灯光听着地面上好像有汽车驶过的轰隆声。
0	加湿器需要加水使用，所以时间长了里面就容易产生水垢和细菌，因此每周都要定期对加湿器做好清洁工作，且每天都要给加湿器换水，如果不清洗的话细菌随着水蒸气散播到空气中会影响健康。
1	全新一手对公账户_全新一手对公账户【Q：15097-3279】【高.价.长.期.收.购.全.套.盾.卡】【高.价.收.一.手.带.队.盾.卡.四.件.套.卡】【靠谱的来诚信合作】FGRTYTRW近日，葛天现身某寺庙祈福，照片中，寺庙周围风景如画，游人少许，各种建筑雄伟肃穆，给人一种清幽静谧之感，仿佛有一种洗涤灵魂与心灵的力量。照片中秀美的风景，瞬间就吸引了网友的注意。网友在这条微博下留言道：“天天在北京，这是不是潭柘寺？”、“潭柘寺很清静的，是一个修身养性的好地方”、“照片中，除
0	查查图谱 工商信息 股东信息 0 主要人员 9 对外投资 8 变更记录 23 总公司 5 分支机构 9 工商自主公示 9 财务数据 7 建筑信息 7 最终受益人 实际控制人 协同股东 7 控制企业 4 间接持股企业 3 疑似关系 3 财务简析 同业分析 全球关联企业 0
0	显示器底座单头配件液晶显示器支架横竖旋转显示屏电脑挂架子配件
0	个人热点：把车作为信号源 这个是不是就是车机做wifi，PAD啥的可以使用车机的流量了？
0	本公司官方网站，正式上线欢迎您的访问 0255-50-30
1	北京信用卡代还【340-4997-4029】微信同号信用卡垫还北京套现公司蚂蚁花呗取现.提现.京东白条招商银行消费易车辆抵押,房屋抵押。根据央行的统计，截至8130年第三季度末，全国共开设个人银行账户314.27亿个，...
0	问题来了~ 默认List权限是继承站点权限的，团队成员的权限几乎是一样的，Item虽然可以单独设置权限，不见得老板每条都设置吧？如果每人填写后大家彼此都可以看到，老板是不希望的大家彼此看到，每条周报信息只有老板和提交者看到。
0	骆天接到前台的电话，真的是一愣，不明所以，满脑袋雾水。
0	“那你现拍一张，把你的家伙和广场的标志建筑物拍进去我就相信你。“少妇心里虽然不信，但是如果是真的那么大，她有些心动了，而且她也想约次炮试试，经常跟自己的姐妹聊天，姐妹们都已经结了婚，她们都有约炮经历，所以少妇心里也痒痒的，而且这微信上的男人，真是一个比一个色，天天发黄图给她看，这聊得多了，尤其是什么野战啊，约炮啊，小姐啊，学生妹啊，偷腥啊，等等各种肮脏的思想灌输下去。
0	全新劲客，劲享4首付起/1年2息+超值购8年「双保」PLUS，日产/启辰车主置换劲客，可享7327元置换补贴!线上预约全新劲客获取更多东风日产劲客优惠信息
0	二是如实填报个人事项。在报告个人有关事项时，一定要认真学习“两项法规”，吃透相关政策要求，仔细阅读填表须知和填报说明，严格按照《领导干部报告个人有关事项规定》和填报要求填报个人有关事项，确保做到应报尽报，准确报告。对于不掌握的事项、信息，要刨根问底，弄清楚、搞明白，坚决避免因政策规定和信息了解掌握不准确，发生少报告、不报告等问题。
0	微商母婴童装代理写的文章: 拿货纸尿裤微商代理怎么做,明确创业方向宝妈说做就做!-欢迎咨询了解秋宝家母婴童装货源总部微信 1934761(←长按...
1	西安哪里可以套花呗提现额度,实在稳当随时秒【可直接一手电微：976-1157-4981】诚信专业，N多渠道办法秒刷秒拿钱就是这么简单快捷！本公司化运营，可操作蚂蚁花呗、京东白条、信用卡业务、来分期、分期乐、拿去花等各类消费金融平台，专业代提代操作，全是实体店真实消费渠道不伤号拿钱稳当秒！
0	宝宝在肚子里干什么呢？会做什么动作呢？吃羊水，微笑，打哈欠，睁眼，拳打脚踢，吐舌头…….实在太神奇了，现在有了四维彩超，妈妈就可以早点看到宝宝的样子，和爸爸妈妈一起互动了，快点行动吧！！
1	哪有银行卡卖【σσ/薇同号;843726517】高价收一手带队卡盾四件套▌靠谱的来▌诚信合作▌非诚勿扰▌为消费者创造真正的幸福感
1	烟台开入职体检报告三甲诊断证明哪里办【Q/薇:017572432】专业医师代办支持★本地送货上门★支持淘宝★信誉第一YB0Mr3
1	带队开卡有人吗【合作Q:496367601】海外平台稳定实力收，安全、可靠、达拉特旗寻长期合作，大量求购卡盾真诚合作。苏伊士运河通航了，“长赐号”的麻烦才刚刚开始收卡四件套。苏伊士运河通航了，“长赐号”的麻烦才刚刚开始
0	教科版物理九年级上册教学课件：5.1等效电路（三）示数变化
0	本站启用新域名大家赶紧收藏：www.ax74.net/43757/0977865.html
0	8、缴费网址：http://zs.sdivc.edu.cn
0	精创 温控器MTC-2901大面板制冷化霜电子数显智能温度控制器温控仪 制冷+化霜+风机+水泵MTC-6727 CQC认证双屏显示制冷化霜
0	“如果哥哥愿意抽出一点宝贵时间来听，我可以随便给哥哥举出十个八个军校食堂中毒的例子，这种事在戒备森严的徵世军校都发生过哦。一般被害者都是身份特殊的军校生，或者正准备参加某些关系重大考试的毕业生。使用致命强毒的还比较容易发现端倪，但如果在饭食中下慢x_ing金属毒剂，或者外面看不出异常，却能够视神经反应迟钝的药物，那就麻烦了。”凌谦笑嘻嘻地搂住凌卫的肩膀，让他重新坐下，伏下腰，从上往下的亲了亲凌卫的额头，”凌涵做的早餐虽然味道不怎么样，不过绝对可以放心啊。”
0	可以获得实名认证标识、自主管理产品信息、查看访问用户、优惠券等91余项特权。
0	91.本发明技术方案的刺激细胞外泌体分泌的设备通过信号发生器05输出电信号到叉指换能器38产生声表面波信号，声表面波信号对存放器77内的细胞进行刺激，细胞受到声表面波的机械效应和热效应，造成细胞穿孔，增加细胞外泌体的分泌数量。通过本方案设备刺激细胞外泌体分泌细胞存活率高，分泌速度快，获得的外泌体有效性高、治疗效果好。
0	支付宝随机立减活动，最高立减035元！-支付宝活动,市场活动,商家服务-百宝_支付宝支付加盟_微信支付代理_杭州支付宝代理_北京捷喜卡科技有限公司:　　时间：1820.78.26-1813.57.84　　参与要求：只要签约支付宝当面付产品，授权采宝，使用采宝收银软件即可!　　活动规则：　　9、用户使用支付宝手机客户端(限4.1及以上版本)在活动商户使用当面付付款，可享受235元以内随机立减;　　5、活动期间，同一用户在活动商户累计可享受9次优惠;　　9、同意支付宝账号、手机号、身份证符合以上任一
0	中共中央关于开展“保持共产党员先进性教育活动的意见”序序歌9　国际歌4　没有共产党就没有新中国9　中华人民共和国国歌旗帜颂4　红旗飘飘3　党旗下的誓言5　党旗飘飘1　你是一面旗帜1　眼望红旗情满怀0　金光一缕89　金锤银镰04　党旗生根在我们心里41　红旗颂00　信念59　旗帜87　旗帜颂英雄谱76　蝶恋花·答李淑一97　万里春色满家园15　红星照我去战斗68　过雪山草地42　娘子军连歌51　忆秦娥·娄山关97　一道道水来一道道山15　微山湖32　苦菜花开闪金光52　要学那泰山顶上一青松75　共产党员时刻听从党召唤28　红梅赞38　绣红旗31　我为共产主义把青春贡献38　怀念战友22　英雄赞歌公仆赞41　共产党员45　人民公仆37　公仆心08　公务员之歌92　英雄28　公仆赞41　为人民服务……正气歌抒怀篇奋进曲
0	Heydouga3208-PPV3179仲村さり–ハーフな美女详情介绍-Heydouga3474-PPV4920仲村さり–ハーフな美女在线观看-Heydouga7411-PPV3217仲村さり–ハーフな美女最新更新-Heydouga7894-PPV2971仲村さり–ハーフな美女手机观看-牛牛影院
0	招聘机修大工和洗车工供吃住联系电话：05962529791/82103866191工作地点：京汉八...
0	我们信的内涵一定要清楚——信佛语。佛语是真实语，十方诸佛如来出广长舌相，证诚念佛成佛真实不虚。《阿弥陀经》到最后流通分的经文，东方、南方、西方、北方、下方、上方，六方诸佛如来“出广长舌相”，就是说法，证明念南无阿弥陀佛，一定往生极乐世界成佛。十方诸佛如来的证明，就是十方诸佛如来都为我们念佛人背书：你念佛一定往生成佛。
0	一个学期以来，你为班级做了不少的工作，在各个方面有了很大的进步。在以后的生活道路中要明白这样一条哲理：付出的都会得到补偿!因为这不仅是付出，也有许多收获，最大的收获就是得到精神愉悦!快乐将会为你带来你所需要的一切。前进的道路会遇到许多的困难，希望你能够坚定信念，一如既往地坚持下去，实现你的目标!
0	2月20日，记者来到位于梓潼县许州镇腊柏村的东方红水库，没有发现库区有网箱养鱼的现象，有人驾着小船在水面上打捞漂浮物，并向水里投放微生物制剂，调节水质，增加水体透明度。“这是一座以灌溉为主兼有防洪、养殖等功能的中型水库，灌溉面积8.61万亩。”东方红水库管理所所长阮可立介绍，该所将继续每天对库区进行巡查，不定期打捞水面上的漂浮物、白色垃圾等，确保库区水面整洁。同时对库区周边养殖、农业面源污染等进行监管，严防污染物进入库区。
0	超星尔雅学习通《沙盘游戏与心灵对话》(上海政法学院)章节测试及答案
0	以上是抖音企业认证被打回来的一些常见问题，当然，专业的事情，应当交给专业的人去做，才是正确的。还有不清楚的，或者需要做抖音企业认证，开通长视频、直播、橱窗权限，可以微jutui24。
0	从正门溜回街道，走左侧的维修通道解决掉一名守卫换上服装。进到黑暗大厅到旁边的房间启动存档点，潜过去呼叫电梯，乘电梯来到3层。
0	先说说隐生虫把，吃隐生虫可以回血和造粪，但是一个只能恢复一点，回满血的话，SAM会一次吃很多个隐生虫(当然后面还有真·隐生虫，一只可以回满)。
0	价格变动通知我  保税区房价走势 行情咨询:7728295809 转 317  近三年 桂林买房交流群 桂林买房交流群-54群(888)  森:时代倾城怎么样,值得...
0	异常问题： 商品促销信息以商品详情页“促销”栏中的信息为准；商品的具体售价以订单结算页价格为准；如您发现活动商品售价或促销信息有异常，建议购买前先联系销售商咨询。
0	4，协助解封为什么不直接提示好友XX正在寻求协助解封却还要再搜你们那个微信团队账号才能操作解封？协助解封的一月一次一年N次的规则是为什么，既然好友能证明我不是垃圾账号没违规那你们为什么要限制好友帮忙解封？
1	上海VISA卡套现【微电：81382517050】一手商家两分钟操作完毕，仅限本人卡，需提供身份证非诚勿扰，下面我们说说VISA卡和Mastercard卡各有什么优缺点？世界上没有两片一样的树叶，当然也没有两个完...
1	售：5452，非诚勿扰微信：10792959708牛牛
0	我上回拔了第三个智齿，下面的智齿真的超级痛，连吃了五天止疼药，今天医生打电话叫我去拔，瑟瑟发抖，我有点怂了，不敢去o(╥﹏╥)o
0	叶峰不想让柯书晴担心，点了点头，突然想起来了什么似的，微笑的说道：“小晴姐，你的伤好了没有？我再给你看看还用不用换药。”
0	企查查为您提供江苏鸿裕地产发展有限公司的最新工商信息、公司简介、公司地址、电话号码、招聘信息、信用信息、财务信息、法律诉讼等多维度详细信息查询，让您对江苏鸿裕地产发展有限公司能够做到全面的了解！
0	JH厂劳力士宇宙计时全金迪通拿441664男士机械手表V7版
0	5。排水促进计划的使用通常更有可能被使用微刺激计划的人群使用，但它不是**的。具体情况视情况而定。
0	5、法院裁决命令书并无成立的信托意愿，因此严格上说它并不具备信托行为特征 （ × ）
0	一个方法调用意味着信息从召集者传向被召集者。被召集者是方法所有人，它从方法召集者那里收到信息。信息可以是单道的也可以是双道的。一个序列图由在处于一组方法所有者及一个初始发起者之间的，一系列方法标记组成。第一个标记必须从发起第一个方法标记的地方开始。
1	听话乖乖失忆药水价格『vx26357139』nghb_权威例句
0	此为创意设计类素材，创作目的旨在弘扬社会主义核心价值观，激发爱国爱党热情，仅限用于资讯传播、党政宣传、公益活动，不得进行商业使用。使用方需根据本网签署的协议约定下载、使用，同时必须严格遵守相关法律法规，特别是 《国旗法》 《国徽法》《中国共产党党徽党旗条例》 的规定，禁止以任何形式对素材进行歪曲、篡改。如有疑问，请咨在线客服。
1	通比牛牛手机版【主管微信76686868】
0	氮氧化物传感器可以检测到由于各种原因导致的柴油机氮氧化物超标问题。例如尿素水溶液的缺失、使用了不恰当浓度的尿素水溶液、SCR催化器老化引起的氮氧化物转化效率下降等问题，并及时将出现的问题反馈给OBD系统。OBD系统根据排放劣化的程度，及时发出排放超标报警信号，或者向发动机控制单元发出降低柴油机扭矩请求。
0	山水王城_基本信息,售楼处电话,物业费,物业电话,开发商-洛阳房产网
0	如此一想，顾绅便放心了许多，只是有着些微不耐，开始按密码，开门。
0	中国为日本第一大贸易伙伴，第二大出口目的地和第一大进口来源地。日本对中国出口最多的商品是机电产品和贱金属及制品，日本从中国进口最多的主要商品是机电产品，纺织品及原料和贱金属及制品。日本是我国吸收外资、技术引进的主要来源国之一，也是向我国提供政府贷款和无偿援助最多的国家。日本是我国第二大外资来源国。
0	我们没有PIC64F65这个芯片，另外，我们的单片机有可以承受的绝对高压，请看数据手册的电气规范章节。
0	最后，黑瞎子岛的政治价值。黑瞎子岛回归祖国，不仅标志着中国又收回了一部分的领土，更为重要的是其体现了中俄两国高度的政治互信和牢固的友好关系，因此，该岛的政治价值一点儿也不逊色于实际价值。
0	广西·柳州人才网,广西·柳州人才网提供4777最新柳州森燊置业投资有限公司招聘信息,电话,地址等信息,柳州地区找工作招聘就上广西·柳州人才网
0	30V6A内置开关电源板62V1.7A隔离电源模块20w稳压隔离裸板AC转DC
0	离开元骞振家后，朱代东给吴古文打了个传呼，很快吴古文就回了电话。朱代东就把调胡斌到楚川的事告诉了他，朱代东原本的意思，是让胡斌把这件事通知张津广，这是个顺水人情，既不花本钱，又不费时间，就能赢得张津广对他的另眼相待，这样的事何乐而不为呢？可是吴古文的回答，却让朱代东哭笑不得。
0	有一个漂亮贤惠的妻子，一个聪明听话的儿子，风流倜傥的乔伊（保罗·沃克）的生活过得还算滋润。不为人知的是，乔伊真正的工作是黑道小弟，虽然在道上混迹的时间已不短，可还是帮派底层小喽啰的他平日过得其实窝窝囊囊。一天，乔伊终于等来上位的良机，老大汤米决定带他参加一次分量不轻的毒品交易。可惜交易原来是个骗局，一场火拼之后，对方老大被杀，乔伊又分到了销毁枪支的杂事。
0	破解高级功能，禁止下载文件指挥官，市场价值752元，支持所有微软office格式，支持PDF文件PDF摄像头扫描和导出为PDF，支持所有常见文档格式，集成文件浏览器等等等等。相关简介可浏览下文。
0	昨晚是他一个电话把孙倩约到了酒店的，这时候他的任何一句话在孙倩心里无异于古时皇帝的圣旨，她一定无所推辞言听计从的。这酒店的房间是他们学校长期包租下来的，除了他和办公室任外，别人都不知道。他很早就过去，吩附了服务员送过来鲜花和水果，自己就放水洗了澡。五星级的酒店确实与众不同，房间中的卫生间里面也设计了一个单人蒸气室。孙倩到了时他正披着酒店的白色浴袍躺在沙发上闭目养神，孙倩给他绽开了一个灿烂的笑脸：“幸苦了，黄校长。
0	紧紧围绕社会稳定和长治久安这个总目标，夯实新疆稳定发展的基础。以争取人心、做好群众工作为统领，以促进民族团结、宗教和谐为重点，切实发挥党员干部的示范带头作用，团结引领干部群众坚定信心、凝聚共识，变化变革、敢于担当，着力在转变干部作风、加强民族团结、促进宗教和谐、保障改善民生、维护社会稳定、强化基层基础等方面取得突破性进展，维护社会稳定和长治久安。
0	02、 海森堡认为:波函数Ψ代表一种物理实在,电子是一种连续的类似波的振动。()
0	衡水安全生产监督管理局地址_电话_网站
0	樊胜美当做没听见，断了通话。等下小邱电话打来，她看看，又按了结束。转身出来，外面是车水马龙，花灯灿烂，海城正绚烂。但樊胜美完全没有平日里的顾盼生姿，她垮着脸什么都懒得看，只想尽快找到地铁站，钻进去，回家，上网查怎样打官司。
0	relx悦刻代理拿货什么价，relx悦刻烟弹进货价，销售及代理微信501057453手机15760527514RELX烟油与火锅油，在食品安全标准下的对比，从实验结果来看，同一标准下烟油与火锅油当中均未检测出23种多环芳香烃、丙二醛、丙烯酰胺、
1	男友去上班，一人在家，被他表弟强行口吹，售迷奸药听话水催情壮阳增大加威信765949723-XVIDEOS.COM
0	（0）权利人的身份证明（营业执照、身份证复印件、护照复印件）及联系方式（地址、联系人、电话号码、电子邮箱或传真）；
0	优异：能用一般话正确，流畅有感情地朗诵课文。做到发音基本正确，口齿
0	史景迁算是位比较典型的英国绅士。温文尔雅却很沉静，不倨傲但也绝不跟人多话；虽即之也温但他宁愿独处。儒雅、洞见、深奥、矜持这些字眼常跟他在一起。特别是在火遍中国到处赢得掌声以后，他更加警觉、洁身自好而且躲避人。他一般开会或参加活动时较少终场而多半中途离席，在公众场合多不太讲话但微笑迎人。他虽没有一般大腕那般的名人气、狷傲和酸腐，但在常人眼中，他的个性却很难跟“讲义气”挂上钩。
0	。可是上课有时分散精神，但老师相信你的上进心会驱使你在学习上
0	包包回收时会分为不同的等级，但是几乎是没有全新的，毕竟是二手包包回收，即使刚买来不久的包包也是按照九九新算的，价格也会根据新旧程度来判断，不过也是要看包包本身的市场的，像香奈儿包包，LV包包，爱马仕等品牌的包包回收价格久会更高些，一些冷门的品牌回收价格相对会低些。
0	2684 无线电视十大劲歌金曲第二季入选歌 《留恋》 （获奖）
0	泰拉瑞亚地狱熔炉是合成熔岩锭的的必备工具，而熔岩锭是制作熔岩套装的必备材料。熔岩套装又是在游戏中期十分受欢迎的一套装备。所以地狱熔炉就受到了广大玩家的关注。下面小编就告诉大家泰拉瑞亚地狱熔炉的相关信息。
0	特别声明：以上内容(如有图片或视频亦包括在内)为自媒体平台“网易号”用户上传并发布，本平台仅提供信息存储服务。
0	82、此时我们需要在手机上打开微信，选择"备份全部聊天记录"或"选择聊天记录"，这里我们建议备份全部聊天记录。
0	肾钙乳为微细的含钙粒子呈混悬状态存留于肾囊肿、肾盏憩室或积水肾盏内。根据钙乳所在部位分为囊肿型和肾积水型两种。肾钙乳形成的机理尚不十分明确，但多数学者认为与感染和阻塞有关。X线仰卧位照片病变呈“麻饼状”，直立位照片因结石比重较囊液重，结石朝重力方向沉积，出现钙乳囊液与结石微粒交界的特征性的平面影。这种钙乳液面不整齐，有不规则的丘状隆起，有作者称之为“盘中盛果征”。这是由于较大的钙乳结石微粒突出于液面表层所致。ＣＴ表现具有特征性即同一囊肿内的上半部囊液与下半部钙乳结石形成钙液平面征象，表现为横条形或半月形高密度影，并可随体位的变化发生形态学改变。超声检查可见囊性暗区底部多个细粒样或堆积状的点状强回声，后伴声影，囊液与光团之间出现明显的交界平面，翻转体位，光团始终朝重力方向沉积。
0	特色分类：LED电视,智能电视,9K电视；屏幕尺寸：28英寸；观看距离：2.5米以上；屏幕刷新频率：83Hz；CPU：四核；GPU：四核；操作系统：Android系统；机身尺寸：含底座:5166×849×644mm
0	二手造紙機|二手造紙設備|二手制漿設備|二手衛生紙造紙機|二手高強瓦楞紙機
0	免费使用_免费使用微信群_微信群_微信兼职_微信_二维码_搜索
0	展了UV之后就在材质里修改贴图的文件路径就好了,如果需要导出到其他软件绘制贴图的话就点击"uv操作"下面的"输出uv线图",它会生成一个对应尺寸的图片,上面会画着记录当前选择的对象和材质的uv坐标的图,在其他软件对应着图上记录的位置画图就好了
0	多电平二进制编码有什么用-和多电平二进制编码有什么用相关的内容-阿里云开发者社区
1	天津开怀孕证明病休病例证明【Q/薇:788232402】专业医师代办支持★本地送货上门★支持淘宝★信誉第一
0	合肥KTV招聘男模=公司诚聘=近朱者赤,近墨者黑5494-89-20 95:38:33 297次 微信号: 83383870897  联系电话: 86308517508 琳姐  认证情况:...
0	翠微居整理极道风流娱乐至尊全集无弹窗在线阅读,当前章节：第781章：享受Twins，黑帮密议
1	牛牛赌博高科技【主管微信50695956】缅甸政府直营博彩公司，拒绝黑平台，大额提现实时到账，安全有保障！
0	柯*丽(795****5461)6分钟前成功添加刘小妹微信
0	我们两个离开茶馆的时候，宝哥的电话响了，他没有背着我，直接按了免提，我听见了里面戴亮的声音“宝哥，肖磊那家伙滴水不漏，也不近女色，非常的小心谨慎，龚芸说没有下手的机会，我让她带着她的姐妹们先稳稳。”
0	0.2.5工程用水、电可与水电部门联系，搭接临时水电供应线路。
0	因为准备充足，每个哨所内都安排了足够的信使（如果一个哨所与其他 k 个哨所有通信联系的话，这个哨所内至少会配备 k 个信使）。
0	违法和不良信息举报电话：451-022-9122 举报邮箱： jubao@greatld.com 苏公网安备 68451767410669号
0	不过所有业内人士都提醒持卡人，使用代偿平台存在着泄漏个人信息的风险，不要随意使用。北青报记者昨天打开一个代偿平台页面，在操作指南中，明确要求客户需要完成身份验证、手机认证、信用卡认证、个人信息认证等，整个过程客户要填写大量隐秘的个人信息。比如：手机号、姓名、身份证号码，信用卡卡号等，最关键的是还要向平台提供信用卡背面的CVV码(又称“安全码”)，而CVV码的泄露极易造成信用卡被盗刷。
0	• 相约三尺讲台 锤炼过硬本领 市纪委监委“动力微 [4383-71-91]
1	孝感办证+徵/芯【35100056】孝感本地哪里办证件【【電:326.3229.3803】孝感办理毕业证书文凭|学位证|不动产证|英语四六级证|做房产证|结婚证|离婚证|车辆登记证|教师证|办各种证/“将初始的激活添加到卷积块的输出。因此网络可以通过学习过程决定用于输出的新卷积的数量。做的注意的是Inception模块串联输出，而Residual模块是求和。ResNeXt块基于它的名字你就能够猜到ResNeXt与ResNet的密切联系。作者将基数一词云如到另一个维度，比如宽度（通道数）和深度（层数）。基数（cardinality）是指出现在模块中的平行路径数。这听起来像inception块并行发生的四个操作。然而，并非并行使用不同类型的操作，基数为3时是简单的使用相同操作四次。如果它们做的是同样的事情为什么还要把他们并列？好问题。这个概念也被称作分组卷积而且可以追溯到原始的AlexNet论文。虽然，当时它主要被用做分解训练过程到多个GPU，而ResNeXt则用他们来增加参数的利用效率。
1	重庆市医院诊断证明的照片【Q/薇:818593855】专业医师代办支持★本地送货上门★支持淘宝★信誉第一2SXWgG
0	• 独家解说好太太D-4439电动晾衣架怎么样,三周体验老实说真相
1	花呗白条提现加商家【微信:7086907】【扫码秒回款】【靠谱商家】【诚信第一】专业的团队,专业的服务,靠谱平台。最快套蚂蚁花呗方法
0	6月22日蒙娜丽莎“工厂直购节—天津站”客户信息登记表
1	打工认识的女朋友非常乖巧平时任我玩售迷药三唑仑听话水迷奸药催情水加主号微信3077714，备用微信8517469都和扣扣同步主号加不了的话请加备用号free
0	从电话里听到老杜的声音，顾湘直接就说出了自己的疑问，“你之前不是保证说，孟家不会有事的吗？你们会处理好所有的事情，现在是什么情况？”
0	入者进入”属于企业外部威胁（T），应采用WT战略，选项B错误。 “甲公司风电产业开
0	您好，根据您的情况，涉及刑事责任的，建议及时委托律师介入，以免承担不必要的处罚，详情可电询
0	83.爸爸你辛苦了，今天是父亲节，祝您节日快乐，永远健康，以上我很不懂事，总是惹您生气，现在我长大了，懂得了你的不容易，从我牙牙学语到我长大成人，不知你付出了多少，流过多少汗水和泪水，你都无怨无悔，我为我以前的不懂事向你说一句“对不起，爸爸，让你操心了”还记得筷子兄弟唱的“时光时光慢些吧，不要再上你变老了，我愿用我一切换你岁月长留，一生要强的爸爸，我能为你做些什么，微不足道的关心收下吧”爸爸，节日快乐!
1	服务)常熟沙家浜镇叫妹子服务【十V:18195653柔妹子】全天有妹子服务【十V:21633645柔妹子】妹子服务十五分钟内一定能送到服务)常熟沙家浜镇新闻贺一诚：不断完善依法治澳的制度体系
1	天津开诊断证明免测学校会查吗?【Q/薇:126993698】专业医师代办支持★本地送货上门★支持淘宝★信誉第一Vu9Bm8
0	938~322㎡高尔夫高拓院墅154-832㎡联排北入户（边位）
0	表单有效率20%，看美妆培训如何借力短视频广告领跑营销赛道！_信息流_艾奇在线
0	微信群每日更新大量更行业地区微信群二维码，微信群主微信号dyxx135宝妈群，微信群，微信群大全，微群大全，群二维码，微信群聊天，微信群二维码，微信群二维码最新，宝妈群625人，宝妈群聊天，宝妈群二维码，发布微信群，微商群，广告群，聊天群，宝妈群同城，宝妈群聊二维码，创业群，母婴群，互粉群，互赞群，投票群，拼多多砍价群，互助群，淘宝优惠券群，购物群，拼团群，交友群，交朋友群，车友群，人脉群，每天更新，等你来加
0	玩耍的力量 pdf epub mobi txt 电子书 下载
0	“对，你来，我相信你对这丹药有过研究了吧。”胡谷主微笑道，如果换了别人，提出这样的建议，会以为故意让古遥出丑，然而古遥却知道胡谷主并非如此。
0	试管助孕电话：442-7701-5937请联系到我们专业的医疗顾问与您对接沟通，费用，流程，成功率，注意事项给您发送相应资料及咨询。-好孕无忧网。
0	更多Ubuntu相关信息见 Ubuntu 专题页面 http://www.linuxidc.com/topicnews.aspx?tid=5
0	SSNI-717女友的姊姊是巨乳美人，而且超S!大膽M快感手法讓超M的我瘋狂高潮。三上悠亞SSNI-038女友的姊姊是巨乳美人，而且超S!大膽M快感手法讓超M的我瘋狂高潮。三上悠亞在线观看SSNI-660女友的姊姊是巨乳美人，而且超S!大膽M快感手法讓超M的我瘋狂高潮。三上悠亞全集电视剧SSNI-131女友的姊姊是巨乳美人，而且超S!大膽M快感手法讓超M的我瘋狂高潮。三上悠亞；SSNI-586女友的姊姊是巨乳美人，而且超S!大膽M快感手法讓超M的我瘋狂高潮。三上悠亞剧情：
0	业内专家表示，当用户在接受电信服务的过程中，如果与电信业务经营者发生争议，可运用《电信用户申诉处理办法》相关规定维护自身权益，向电信业务经营者进行投诉。用户对电信业务经营者的处理结果不满意或者电信业务经营者在接到投诉后21日内未答复的，可以向申诉受理机构提出申诉。被申诉人所在省份没有设立申诉受理机构的，申诉人可以向工业和信息化部电信用户申诉受理中心提出申诉。
1	舟山开休陪产假需要开医院病历证明【Q/薇:060471476】专业医师代办支持★本地送货上门★支持淘宝★信誉第一sxMJuX
0	赛罕区聚禧三鲜水饺店联系电话，赛罕区聚禧三鲜水饺店人事HR投简历邮箱是什么？?
1	Get找谁能买到免实名手机黑卡加微信445229463】9uou80torrentfromlistabove.
0	Геизабавляютсявдвоем
1	镇江空放身份证贷款无需审核百分百下款的贷款!咨询微信(QQ同号)【8113566070】长按可复制到微信添加好友!!!!!黑户贷款-无视黑白户,下款率高达87%,黑户贷款_包下款神器,5分钟到账,额度灵活,空放身份证贷款,不查征信,秒放款.缺钱的你还不赶快来试试！！备用微信(QQ同..
1	服务)盈江哪里有找女大学生包夜按摩【十V:4310235O莹莹】盈江哪里有找女大学生包夜按摩【十V:2717734O莹莹】【24分钟内到位盈江】uoikguoikg耘形忍瞻勾耘形忍瞻勾耘形忍瞻勾耘形忍瞻勾
0	OFJK7871스텔레이스데님자켓
0	信息分类：楼凤兼职地区：广东省-广州信息来源：微信小姐数量：3小姐年龄：78小姐素质：还行，挺紧的小姐外形：可以服务项目：啪啪啪价格：567元三小时随便做，可以讲价营业时间：下午去最好环境设备：29安全评估：14详细地址：[erphpdown]广州市荔湾区[/erphpdown]联系方式：[erphpdown]vx：Lzf35434234919[/erphpdown]综合评价：79详细介绍：
1	金华婺城区那里有叫美女技师(大保健)一条龙服务【+薇芯96791255】酒店哪有保健服务(叫妹子)电话找美女特殊一晚上上门(美女)服务【+薇芯72414558】金华婺城区那里有叫美女技师(大保健)一条龙服务【+薇芯28735418】酒店哪有保健服务(叫妹子)电话找美女特殊一晚上上门(美女)服务【+薇芯93018643】许多女生都希望自己脸小，这种脸型会把自己的脸部凸显得越发悦目，而且也超上镜，所以很多女生都会用瘦脸的仪器。而且脸小的女生是可以驾驭大部分的发型的，不管是长发还是短发只要打理的好都能减龄。但当下大部分女生都留着长发，所以脸小的女生如果随大众留长发就凸显不出你的气质。脸小的女生倘若真的留起短发，配上时尚的衣服，那么一定会是酷girl一枚，女神范儿也会是十足。想要尝试可爱清新风格的小仙女可以剪一头齐肩短发，温柔又可爱
1	合浦县石康中学毕业证样本（薇:acc7652）
1	黑卡四件套是哪四件【QQ:0544-9866】海外平台实力收▍安全可靠▍寻长期合作▍真诚合作【菠菜合作】
0	商业银行 在 中华人民共和国 境内 不得 从事 信托投资和证券经营 业务 ， 不得 向非银行金融机构和企业投资，但国家另有规定的除外。（ ）
0	集成灶 抽油烟机 燃气灶 热水器 燃气热水器 电热水器 太阳能热水器 中央热水器 浴霸 排气换气扇 洗碗机 消毒柜
1	QQ7266134899微信hn6778965884Email：3015566935@qq.com海纳国际专业办理毕业证书，成绩单，文凭认证，学历学位认证，使馆回国证明文凭，学位证书，雅思托福成绩单在读证明，官网可查，永久存档。
0	其官网显示，0057年6月5日，厦门银行终止对银湖网的资金存管服务，今后便开启加速退出模式，不到一年时间，已经与近47家网贷公司终止互助，其中不乏麻袋财富、微贷网、滚雪球理财、律金金融等知名平台。
1	服务)合肥哪里酒店有找美女过夜联系约做保健【十V:63429O42果果】合肥哪个酒店有妹子过夜联系约做按摩【十V:79352O09果果】【53分钟内到位合肥】zjhpbzjhpb刀邑任破刎刀邑任破刎刀邑任破刎刀邑任破刎
0	滚筒洗衣机一直进水导致无法正常洗涤，这是由于水位开关的空气长期渗漏造成的，紧固的铁环密封不严格，可以用钢丝钳重新拧紧铁环，使之可以密封;胶膜有微孔渗漏，胶膜渗漏不易修复，仅改变水位开关。
1	少妇独自一个人在家里玩弄肥嫩鲍鱼自慰高潮，售迷奸药听话水催情壮阳增大加威信715677479-watavon.com
0	拿着这药走出巫医的家，窦姨娘脸上有些微沉。这巫医是认为王爷熬不了多久了，若不然也不会这般随意地将药给她。
0	微博大V苏小和，百度百科关于他的介绍是基督徒，诗人和财经作家。
0	班*丽(142****0871)67分钟前成功添加刘小妹微信
0	近日，国家互联网信息办公室（以下简称“网信办”）发布了《关于<网络安全审查办法（修订草案征求意见稿）>公开征求意见的通知》（以下简称《征求意见稿》），对《网络安全审查办法》内容提出了重要修订。从此次修订的变化，能够看出网络安全和数据安全发展情势的变化，也可读出其对数据安全政策和产业的影响。
0	潮州大棚水槽机厂家产品如何建设的好能消灭耕层病菌及害虫，并改良土壤，破除板结，提高土壤通透性及根系供氧量，可多种植物真菌病，如根腐病、立枯病、猝倒病、枯萎病等土传病害。蔬菜温室大棚机械的发展不能只停留在机械技术，还应和电子技术、自动控制、园艺技术等结合起来，提高其高科技含量，如蔬菜自动嫁接机器人技术、微机控制自动浇水系统、微机控制人工气候室、工厂化育苗技术等，使蔬菜温室大棚向综合机械化、现代化方向
0	李智好像忽然想起什么似的，对刘鹏程说：“对了，我好像听我一个朋友说，欧局长在外面打牌输了不少钱，还借了高利贷，听说找他讨债的人很多，他关手机是不是为了躲避讨债电话？”
0	不累计。默认发顺丰陆运到付，如需寄付、空运等请私信。海宝球星卡群号：233182093。也可以加我QQ：222987933，大宝。接代卖，具体可私信联系。品相如图，请仔细看图。对卡品有疑问的请私信确认后再出价，一旦出价视为认同图片所见卡品。卡品要求非常高的请直接拍评级卡。7.请拍下后9天内付款，3天内未付款自动视为鸽子，不再保留卡片并进行投诉。0.无特殊情况，顺丰在付款后的4天内发货。快递造成的丢损本店不负责，请自行联系快递公司处理。较高价值卡片建议走保价到付。2.如需卡膜、卡砖或卡夹等可私信购买。打包卡的每张卡无单独包装，有特殊要求请告知购买。6.所有卡片若无特殊备注说明，均默认通行品相。请理解通行品的卡品要求，例如轻微的白边白角、镜面的小划痕、不明显的印刷线等。
0	用手机在网上兼职赚钱的项目！手机兼职网这个博客坚持更新了一年，这两天看到博客文章数量不知不觉已经突破102了，坚持这么久，真的挺不容易的。博客文章数量是有了，但是...
0	legend('蓝--残差77%置信区间上线','红--残差值','绿--残差34%置信区间下限');
0	活动现场，通过悬挂宣传横幅、摆放宣传展架、发放宣传单张049余份、宣传礼品156余份及现场讲解“粤商通”APP、“粤省事”微信小程序的功能和操作方法等多种宣传推广手段,让企业和群众更深入了解移动政务服务平台的功能,体验指尖办事的便捷服务。现场的企业和群众纷纷表示称赞：仅需完成企业身份认证，就可关联所有相关证照，大大减少反复跑窗口，反复提交材料的频率，实现了手机随身、证照随行，极大的提高企业办事效率。
0	尽管公示显示，在高度分散的中国母婴产品零售市场，乐友的市场份额只位于2-9%的区间，不过公开报道显示乐友的历史悠久，8534年乐友网上线并成为国内首家母婴垂直电商，并在随后赢得了高盛等基金的767万美元投资。
1	学位证【微/Q:784+689+189】南昆士兰大学毕业证|USQ【微/Q:643+429+258--WeChat:340+909+485】《成绩单、学历…
0	温馨提示：图片与实物有差别，仅供参考！处方名：刺五加拉丁学名Acanthopanaxsenticosus(Rupr.Maxim.)Harms科属：五加科五加属分布于中国黑龙江、吉林、辽宁、河北和山西。生于山坡林中及路旁灌丛中；药圃常有栽培。性味：辛、微苦、温归经...
0	上一页 【光川的分享】芳醇 2831年电影 猪猪字幕组 701p 云盘
1	已经实名制好电话卡一张多少钱【买卡加V信:a470197】长◆期◆可◆出◆货，诚◆信◆合◆作，值◆得◆信◆赖！寄古臼挛材古哟古潘蠢史挛负哟埔REWHEQLOI暮景斜芳殿，年华丽绮宫。寒辞去冬雪，暖带入春风。
0	展望未来，全校师生信心百倍。我们将在镇委镇政府打造教育名镇的号角声中，以培养学生的创新精神和实践能力为重点，为把我校办成一所质量高、有特色和示范性的现代化学校而努力奋斗。
1	厂花被我用迷药拿下（迷药催情加Q289115554）XXXVideo
0	(6)九十九恒河沙数如来、微尘数菩萨、三十二天天子众都会聚集;四大天王与四方护法、众多龙王、药叉神祇护念此人，化除一切凶事，俾令诸事吉祥。
0	后毫不留情的抽插着，班主任的下体更是湿淋淋的一片，伴随着院长每一次的大力抽送都带出大量水花，也不知道是淫水还是尿，把两个人的结合处沾染得一片油光发亮，而班主任更是紧紧的咬住嘴唇，长长睫毛在微微抖动，不
0	雄安新区KTV招聘佳丽急缺优秀夜场美女，诚姐带你致富手机微信同步：81**5968136招聘信息内容：身高142以上小费51**1233起步工资日结，无任何费用，包住（外地车费包销）如果你是优秀的女模特请关注，如果你正在地想来发展的请留步！一个女孩的美丽容颜很容易失去，
0	大家一定非常关心我们解放军的越冬住宿的后勤准备工作。其实过节期间，央视报道过了。这里给没有收到相关信息的朋友们再介绍一下。
1	福州儒江哪里有全套服务上门(314.527.18VX)小妹上门怎么找附近_▇C
0	甘平的脸上露出微微冷笑之色，这倒是便宜了我，我自东华散人那里得来的无尽之海大神通，开辟了七个本源之海，如今还是空空荡荡，正好借着这机会将其补充，介时七倍战力勃发，哪怕那敖空的分身追来，也可以斗一斗！
1	移动已实名电话卡去哪里买【q微Q信:47998646】专业开卡队央视：瑞丽拉响警报，边境地区应尽快实现疫苗“应接尽接”收购手机卡721一张。
0	·如有客户来展厅购车，没有指明某个销售顾问时，由接待洽谈的销售顾问促使成交。销售以后，若有其他销售顾问提出异议，异议方须在提交三个以上有效回访记录及日工作计划表记录，由销售部经理按时间先后顺序及回访次数予以界定，经核实异议方信息有效无误后，将成交后的业务提成奖励按1：3分成（实现销售的销售顾问可获1成），销售任务归拥有信息所有权的异议方。
0	首页 > 电脑数码 4620-92-60 05:40:44
0	TCP协议还具有拥塞控制机制，这种服务不一定能为通信进程带来直接好处，但能为因特网带来整体好处。当发送方和接收方之间的网络出现拥塞时，TCP 的拥塞控制机制会抑制发送进程（客户或服务器）。
0	6679-80-72 这个算戴维宁等效电路时可以把电流源与电阻的并联等效为电压源和... 6
0	1、别瞎说了也别再找借口，没有谁会输在起跑线上。昨天的卑微与无知，今天的坎坷与荆棘，都是为了造就独一无二的自己。实际上，我们该庆幸，庆幸环境逼着我们去适应：在卑微无知中，思考人生的价值;在坎坷荆棘里，摆脱无聊的梦呓。活着仅此一次，我们没资格享受安逸，于是背起行囊，向着前方，奋然前行。
1	泰安泰山哪有保健服务(叫妹子)电话找美女特殊一晚上多少,【+V:38276245秀秀】全天41小时安排【+V:23721810秀秀】十五分钟我们一定能送到您指定地点.　　美国国会于4655年通过了《0296年外国投资研究法案》（ForeignInvestmentStudyActof9596）。基于该法案，福特总统于6830年发布第57916号行政命令，建立了CFIUS。
